punto,fecha,CO,NO2,PM10,PM2.5,SO2
CA-ILO-01,2022-01-01,319.17021276595744,7.409999999999999,23.2,17.45714285714286,21.399024390243902
CA-ILO-01,2022-01-02,279.4347826086956,6.58421052631579,15.86,9.85909090909091,69.51249999999999
CA-ILO-01,2022-01-03,277.9767441860465,5.68,12.713043478260868,8.145454545454545,36.87422222222222
CA-ILO-01,2022-01-04,266.9130434782609,8.622727272727273,17.567999999999998,11.660869565217391,22.319555555555556
CA-ILO-01,2022-01-05,266.94,5.970000000000001,17.220833333333335,9.776190476190477,22.355227272727273
CA-ILO-01,2022-01-06,257.56382978723406,4.6625,13.2,8.160869565217391,22.677906976744186
CA-ILO-01,2022-01-07,260.37045454545455,5.264705882352941,13.975000000000001,9.07391304347826,21.621304347826086
CA-ILO-01,2022-01-08,273.8782608695652,7.542105263157896,18.616666666666667,12.276470588235293,36.09627906976744
CA-ILO-01,2022-01-09,280.6021276595745,6.978947368421053,17.44090909090909,10.582608695652175,44.41155555555555
CA-ILO-01,2022-01-10,264.34090909090907,5.933333333333334,23.183333333333334,10.491666666666667,48.171052631578945
CA-ILO-01,2022-01-11,267.2204545454545,5.805555555555555,19.779166666666665,9.170833333333333,21.839750000000002
CA-ILO-01,2022-01-12,264.9909090909091,4.577777777777778,13.334782608695651,7.8136363636363635,18.243488372093022
CA-ILO-01,2022-01-13,267.67954545454546,4.5,14.317391304347826,9.2,21.647105263157897
CA-ILO-01,2022-01-14,286.204347826087,10.19047619047619,20.395652173913042,10.92608695652174,34.37106382978723
CA-ILO-01,2022-01-15,284.93829787234046,8.471428571428572,18.575,10.529166666666667,37.607142857142854
CA-ILO-01,2022-01-16,272.99361702127663,4.800000000000001,15.928571428571429,9.410526315789474,26.294999999999998
CA-ILO-01,2022-01-17,278.3933333333334,5.563157894736842,12.244000000000002,7.166666666666667,30.567674418604653
CA-ILO-01,2022-01-18,268.15909090909093,4.5,12.4,7.080952380952381,17.317027027027027
CA-ILO-01,2022-01-19,262.5711111111111,4.858823529411764,14.182608695652174,7.995,27.490322580645163
CA-ILO-01,2022-01-20,261.37619047619046,4.53125,15.1,7.376190476190477,17.270909090909093
CA-ILO-01,2022-01-21,280.1595744680851,6.890909090909091,15.628,8.972727272727273,17.787142857142857
CA-ILO-01,2022-01-22,272.68666666666667,5.121052631578947,13.445454545454545,6.585714285714286,16.57272727272727
CA-ILO-01,2022-01-23,271.46363636363634,3.9125,10.53,6.595238095238095,16.162903225806453
CA-ILO-01,2022-01-24,280.20425531914896,6.32,13.886363636363637,8.276190476190477,20.836363636363636
CA-ILO-01,2022-01-25,252.05777777777777,5.14,13.512,8.519047619047619,18.17848484848485
CA-ILO-01,2022-01-26,248.60652173913041,6.777777777777778,17.772727272727273,10.747619047619047,22.18764705882353
CA-ILO-01,2022-01-27,230.5222222222222,7.161904761904762,16.756,10.127272727272727,37.84255813953489
CA-ILO-01,2022-01-28,239.9953488372093,9.623809523809523,18.60909090909091,10.384,43.76106382978723
CA-ILO-01,2022-01-29,259.17083333333335,9.281818181818181,17.6875,9.145454545454545,43.127826086956524
CA-ILO-01,2022-01-30,244.20652173913044,4.888235294117647,12.02,6.4,20.82525
CA-ILO-01,2022-01-31,256.22391304347826,6.852380952380953,19.566666666666666,8.8,37.658
CA-ILO-01,2022-02-01,251.4851063829787,5.359090909090909,18.034782608695654,8.40952380952381,26.70951219512195
CA-ILO-01,2022-02-02,252.69111111111113,5.427777777777778,16.320833333333333,8.630434782608695,21.483414634146342
CA-ILO-01,2022-02-03,261.96363636363634,8.265217391304347,18.304347826086957,11.48695652173913,28.313636363636363
CA-ILO-01,2022-02-04,249.65,5.352941176470588,14.30952380952381,8.778947368421052,18.302727272727275
CA-ILO-01,2022-02-05,258.6119047619048,4.486666666666666,14.531818181818181,9.494444444444445,17.223000000000003
CA-ILO-01,2022-02-06,267.3127659574468,5.094736842105263,14.508333333333333,9.522727272727273,37.32128205128205
CA-ILO-01,2022-02-07,286.59555555555556,6.083333333333333,15.252173913043478,8.15,17.919999999999998
CA-ILO-01,2022-02-08,270.1478260869565,5.936842105263158,16.63181818181818,11.295238095238094,16.99388888888889
CA-ILO-01,2022-02-09,250.2977272727273,6.78695652173913,21.333333333333332,13.021739130434783,21.635348837209303
CA-ILO-01,2022-02-10,244.88723404255322,7.826315789473684,18.477272727272727,10.190000000000001,35.61675
CA-ILO-01,2022-02-11,243.7808510638298,7.136363636363637,25.495652173913044,12.181818181818182,27.31923076923077
CA-ILO-01,2022-02-12,239.0590909090909,5.91,17.624000000000002,10.104545454545455,21.590975609756097
CA-ILO-01,2022-02-13,258.00222222222226,7.325,18.044,12.318181818181818,42.68978260869565
CA-ILO-01,2022-02-14,249.70217391304345,5.1,15.069565217391306,10.275,17.760526315789473
CA-ILO-01,2022-02-15,270.42954545454546,6.8,15.47142857142857,9.426086956521738,23.62159090909091
CA-ILO-01,2022-02-16,258.26,4.872222222222223,13.35,8.026315789473685,16.900000000000002
CA-ILO-01,2022-02-17,277.65106382978723,9.704347826086956,19.65,12.433333333333332,44.414523809523814
CA-ILO-01,2022-02-18,275.14166666666665,8.152173913043478,19.986363636363635,12.547826086956523,31.200000000000003
CA-ILO-01,2022-02-19,274.54583333333335,13.105,21.133333333333333,12.92,32.8327659574468
CA-ILO-01,2022-02-20,263.1608695652174,6.776190476190477,18.966666666666665,10.776190476190477,31.437608695652177
CA-ILO-01,2022-02-21,258.71333333333337,6.023809523809524,14.445833333333333,8.808695652173913,29.346190476190475
CA-ILO-01,2022-02-22,273.31111111111113,8.655,22.476190476190474,14.43913043478261,32.62595744680851
CA-ILO-01,2022-02-23,270.4613636363636,7.436842105263159,15.213636363636363,11.226315789473684,30.256086956521738
CA-ILO-01,2022-02-24,251.38085106382977,5.136842105263158,16.055999999999997,7.75,17.694444444444443
CA-ILO-01,2022-02-25,247.7195652173913,5.158823529411765,10.616666666666667,6.415789473684211,16.37707317073171
CA-ILO-01,2022-02-26,265.12444444444446,8.847619047619048,14.7875,9.452380952380953,35.78195652173913
CA-ILO-01,2022-02-27,268.76444444444445,6.3999999999999995,23.212,12.860869565217392,23.58560975609756
CA-ILO-01,2022-02-28,258.93695652173915,6.9526315789473685,18.16,10.81304347826087,16.65390243902439
CA-ILO-01,2022-03-01,247.19574468085108,7.766521739130434,19.5,11.995652173913042,23.585476190476193
CA-ILO-01,2022-03-02,237.92127659574467,6.460434782608695,16.96666666666667,9.98,17.432439024390245
CA-ILO-01,2022-03-03,243.88181818181818,6.476521739130435,16.54090909090909,9.264,21.877727272727274
CA-ILO-01,2022-03-04,258.09777777777776,7.27875,19.952,11.927272727272726,30.891190476190477
CA-ILO-01,2022-03-05,262.72391304347826,7.4052173913043475,18.56,10.978947368421052,35.664791666666666
CA-ILO-01,2022-03-06,274.8772727272727,5.98590909090909,21.288,10.978260869565217,25.178181818181816
CA-ILO-01,2022-03-07,274.0266666666667,7.984782608695652,26.266666666666666,14.258333333333333,25.118125000000003
CA-ILO-01,2022-03-08,268.4318181818182,6.8047826086956515,36.645833333333336,18.465217391304346,21.799166666666665
CA-ILO-01,2022-03-09,266.4760869565217,5.470909090909091,33.144,16.40434782608696,17.008055555555554
CA-ILO-01,2022-03-10,290.73617021276596,6.364166666666667,17.232,9.392000000000001,25.34813953488372
CA-ILO-01,2022-03-11,295.7422222222222,6.980833333333333,18.849999999999998,11.229166666666666,21.02232558139535
CA-ILO-01,2022-03-12,281.6872340425532,5.316666666666667,25.925,16.037499999999998,15.42325
CA-ILO-01,2022-03-13,239.5311111111111,4.630454545454546,16.93913043478261,10.780952380952382,17.23581395348837
CA-ILO-01,2022-03-14,261.84680851063825,6.9175,34.358333333333334,19.962500000000002,44.58046511627907
CA-ILO-01,2022-03-15,258.68863636363636,5.439583333333334,203.26250000000002,76.84,19.344772727272726
CA-ILO-01,2022-03-16,272.1909090909091,7.613333333333333,56.525,27.337500000000002,29.221249999999998
CA-ILO-01,2022-03-17,277.2733333333333,5.770869565217392,47.3,22.525000000000002,16.780243902439025
CA-ILO-01,2022-03-18,278.01521739130436,5.8039130434782615,17.263636363636365,10.773913043478261,14.638484848484849
CA-ILO-01,2022-03-19,238.9906976744186,4.726521739130435,18.295652173913044,12.163636363636364,14.31529411764706
CA-ILO-01,2022-03-20,243.58695652173913,4.52391304347826,23.763157894736842,14.078947368421053,16.699545454545454
CA-ILO-01,2022-03-21,257.92045454545456,6.442173913043478,26.504166666666666,14.545454545454545,27.13688888888889
CA-ILO-01,2022-03-22,256.23617021276596,7.067391304347825,22.535999999999998,12.71904761904762,15.267021276595743
CA-ILO-01,2022-03-23,254.2695652173913,5.38909090909091,18.018181818181816,10.141666666666667,14.497948717948717
CA-ILO-01,2022-03-24,247.36521739130433,5.03625,16.727999999999998,9.315000000000001,16.199
CA-ILO-01,2022-03-25,250.37659574468086,6.659166666666667,17.816666666666666,11.318181818181818,32.520425531914896
CA-ILO-01,2022-03-26,258.36170212765956,7.2875000000000005,21.53333333333333,12.773913043478261,22.172978723404256
CA-ILO-01,2022-03-27,244.93829787234043,5.461666666666667,17.099999999999998,11.273913043478261,18.514042553191487
CA-ILO-01,2022-03-28,257.3404255319149,6.24,21.4,13.152380952380952,16.33659090909091
CA-ILO-01,2022-03-29,252.9318181818182,5.003043478260869,21.05,14.8,21.49325581395349
CA-ILO-01,2022-03-30,216.90652173913045,4.83,16.358333333333334,10.729166666666666,14.367777777777778
CA-ILO-01,2022-03-31,212.95869565217393,5.975652173913043,17.215999999999998,11.372727272727273,16.824838709677422
CA-ILO-01,2022-04-01,236.09565217391304,9.476190476190476,24.26086956521739,15.254545454545456,16.953541666666666
CA-ILO-01,2022-04-02,238.62,7.60952380952381,20.85238095238095,12.108695652173912,16.09439024390244
CA-ILO-01,2022-04-03,233.06976744186048,5.78421052631579,16.795238095238094,11.025,17.373870967741937
CA-ILO-01,2022-04-04,252.36222222222221,9.147619047619047,21.412499999999998,13.8,26.764999999999997
CA-ILO-01,2022-04-05,257.00888888888886,10.943478260869565,28.320833333333336,18.91904761904762,21.085333333333335
CA-ILO-01,2022-04-06,265.5553191489362,9.947826086956521,30.133333333333336,22.12727272727273,38.02348837209302
CA-ILO-01,2022-04-07,265.9260869565218,9.129999999999999,25.811999999999998,17.55217391304348,32.864583333333336
CA-ILO-01,2022-04-08,260.39767441860465,6.672222222222222,23.129166666666666,16.09090909090909,17.36547619047619
CA-ILO-01,2022-04-09,263.18536585365854,5.15,16.104166666666668,12.27727272727273,20.96783783783784
CA-ILO-01,2022-04-10,256.3279069767442,3.7882352941176474,9.978947368421052,7.36,14.5725
CA-ILO-01,2022-04-11,266.7416666666667,4.865,10.79047619047619,6.823529411764706,14.695357142857144
CA-ILO-01,2022-04-12,256.5173913043478,7.466666666666667,21.59130434782609,12.638095238095238,21.834871794871795
CA-ILO-01,2022-04-13,234.33409090909092,7.061904761904763,15.5,9.030434782608696,17.763846153846153
CA-ILO-01,2022-04-14,257.34255319148934,10.413636363636364,20.530434782608694,12.52608695652174,31.781395348837208
CA-ILO-01,2022-04-15,238.80697674418607,5.6,13.714285714285714,9.131578947368421,15.18074074074074
CA-ILO-01,2022-04-16,247.51627906976745,5.173913043478261,14.555000000000001,9.595238095238095,15.343823529411766
CA-ILO-01,2022-04-17,261.8276595744681,8.157142857142858,18.417391304347827,12.882608695652175,23.30974358974359
CA-ILO-01,2022-04-18,279.89772727272725,8.370000000000001,23.808333333333334,14.904166666666667,22.99531914893617
CA-ILO-01,2022-04-19,306.95500000000004,12.316666666666665,29.23,19.344444444444445,113.86500000000001
CA-ILO-01,2022-06-10,212.20000000000002,10.466666666666667,16.181818181818183,11.136363636363637,14.22027027027027
CA-ILO-01,2022-06-11,201.8227272727273,6.795,17.61818181818182,11.721739130434784,5.13
CA-ILO-01,2022-06-12,185.89318181818183,5.183333333333334,17.552380952380954,12.07,4.66
CA-ILO-01,2022-06-13,188.0913043478261,5.910526315789474,18.366666666666667,13.170588235294119,4.536216216216216
CA-ILO-01,2022-06-14,208.98888888888888,8.8,31.6375,18.64,6.2351282051282055
CA-ILO-01,2022-06-15,230.6311111111111,9.265,36.387499999999996,18.833333333333332,7.687391304347826
CA-ILO-01,2022-06-16,236.49347826086958,9.1,27.633333333333336,15.012500000000001,16.179333333333332
CA-ILO-01,2022-06-17,224.50227272727273,6.390909090909091,19.554166666666667,9.747619047619047,4.529615384615385
CA-ILO-01,2022-06-18,246.26521739130436,9.833333333333334,25.088,17.329166666666666,7.880222222222223
CA-ILO-01,2022-06-19,255.74680851063832,6.939130434782609,18.782608695652176,13.108333333333334,11.717631578947367
CA-ILO-01,2022-06-20,255.2782608695652,9.491304347826087,22.741666666666664,14.712,14.065348837209301
CA-ILO-01,2022-06-21,222.75531914893617,6.827777777777778,17.508695652173913,11.416666666666666,4.492325581395349
CA-ILO-01,2022-06-22,225.28695652173914,7.75,20.400000000000002,13.075,6.39
CA-ILO-01,2022-06-23,218.71521739130435,6.0473684210526315,17.9875,11.525,4.984814814814815
CA-ILO-01,2022-06-24,224.95416666666665,6.557894736842105,19.278260869565216,12.45,6.209047619047619
CA-ILO-01,2022-06-25,233.08913043478262,8.635,23.791304347826088,17.291304347826088,7.595624999999999
CA-ILO-01,2022-06-26,223.08863636363637,6.6684210526315795,15.521739130434783,10.888,6.037894736842105
CA-ILO-01,2022-06-27,218.2276595744681,7.263636363636365,20.23913043478261,12.436842105263159,5.177272727272727
CA-ILO-01,2022-06-28,219.8382978723404,7.43,20.691666666666666,14.36315789473684,19.266000000000002
CA-ILO-01,2022-06-29,207.0,8.5625,21.48695652173913,13.945833333333333,6.358444444444444
CA-ILO-01,2022-06-30,209.7413043478261,9.2,22.38,15.126086956521737,6.006511627906976
CA-ILO-01,2022-07-01,205.49347826086958,7.654999999999999,15.436,8.75263157894737,5.50909090909091
CA-ILO-01,2022-07-02,203.97619047619048,5.671428571428571,12.34,7.445,5.113928571428572
CA-ILO-01,2022-07-03,227.11627906976744,6.2,16.45909090909091,11.122727272727273,5.785333333333333
CA-ILO-01,2022-07-04,233.70652173913044,7.6450000000000005,18.58695652173913,11.657894736842104,5.130714285714285
CA-ILO-01,2022-07-05,199.45434782608694,7.185714285714286,20.154545454545453,11.70952380952381,5.276363636363636
CA-ILO-01,2022-07-06,200.5888888888889,6.688888888888889,22.208000000000002,16.575,11.638484848484849
CA-ILO-01,2022-07-07,209.84565217391304,5.904999999999999,17.86521739130435,12.116666666666667,5.2956666666666665
CA-ILO-01,2022-07-08,228.57659574468087,9.38421052631579,24.645454545454548,16.152380952380952,6.003571428571429
CA-ILO-01,2022-07-09,223.0279069767442,6.904761904761905,19.583333333333332,13.386363636363637,5.196969696969697
CA-ILO-01,2022-07-10,229.2425,6.279999999999999,17.356521739130436,13.090909090909092,6.878048780487805
CA-ILO-01,2022-07-11,220.50476190476192,6.025,14.368,9.5375,5.239000000000001
CA-ILO-01,2022-07-12,212.2826086956522,9.227272727272727,23.572,13.125,5.42962962962963
CA-ILO-01,2022-07-13,210.27608695652177,10.345833333333333,22.772,15.02608695652174,6.232424242424242
CA-ILO-01,2022-07-14,217.68125,6.5,12.183333333333334,6.905263157894736,5.564444444444444
CA-ILO-01,2022-07-15,233.08913043478262,7.0636363636363635,16.966666666666665,9.845833333333333,13.13921052631579
CA-ILO-01,2022-07-16,234.76000000000002,5.9526315789473685,19.483333333333334,8.4,5.542142857142857
CA-ILO-01,2022-07-17,240.75555555555556,4.98125,12.416666666666666,9.128571428571428,5.678181818181818
CA-ILO-01,2022-07-18,234.16000000000003,6.972727272727273,23.86521739130435,16.681818181818183,16.29659090909091
CA-ILO-01,2022-07-19,219.5533333333333,7.360869565217392,17.396,11.90952380952381,5.641379310344828
CA-ILO-01,2022-07-20,222.12954545454548,8.295,18.404545454545453,14.304347826086957,5.664864864864865
CA-ILO-01,2022-07-21,227.04651162790697,12.389473684210527,20.786956521739132,15.392000000000001,5.724571428571429
CA-ILO-01,2022-07-22,230.28222222222223,10.473684210526315,14.291666666666666,9.908,6.033170731707317
CA-ILO-01,2022-07-23,244.3978260869565,8.01304347826087,16.15714285714286,10.73,6.13860465116279
CA-ILO-01,2022-07-24,272.35869565217394,8.355555555555556,15.904761904761905,11.595238095238095,6.861666666666666
CA-ILO-01,2022-07-25,271.49574468085103,9.204761904761906,21.795833333333334,16.7,14.753863636363635
CA-ILO-01,2022-07-26,244.76976744186047,6.8,17.945833333333333,14.313636363636363,8.89595238095238
CA-ILO-01,2022-07-27,245.53333333333333,6.615,19.35217391304348,14.713043478260868,14.896410256410258
CA-ILO-01,2022-07-28,229.53636363636363,5.083333333333333,17.258333333333333,12.642857142857142,6.062
CA-ILO-01,2022-07-29,229.04000000000002,7.321739130434783,15.88695652173913,10.738095238095237,6.236969696969696
CA-ILO-01,2022-07-30,242.31555555555556,8.705,21.91304347826087,17.5,8.694285714285716
CA-ILO-01,2022-07-31,240.21304347826086,5.422222222222222,11.005263157894737,7.8136363636363635,6.108750000000001
CA-ILO-01,2022-08-01,248.7808510638298,8.396666666666667,11.11,6.883333333333334,6.18
CA-ILO-01,2022-08-02,197.09279069767442,7.212916666666666,15.11304347826087,9.595238095238095,6.318181818181818
CA-ILO-01,2022-08-03,195.6391304347826,5.463,19.03181818181818,10.215,6.002307692307692
CA-ILO-01,2022-08-04,205.70063829787236,5.805416666666667,11.959999999999999,8.9375,5.984516129032259
CA-ILO-01,2022-08-05,233.0810638297872,10.8375,18.170833333333334,12.47272727272727,6.183055555555556
CA-ILO-01,2022-08-06,229.42666666666665,6.154347826086957,16.244,12.175,6.675483870967742
CA-ILO-01,2022-08-07,224.77297872340426,4.923333333333334,11.0,9.119047619047619,5.644444444444444
CA-ILO-01,2022-08-08,216.12638297872343,7.091739130434783,15.11304347826087,10.684999999999999,5.711666666666667
CA-ILO-01,2022-08-09,221.75583333333336,7.1825,18.537499999999998,13.649999999999999,5.8348
CA-ILO-01,2022-08-10,227.95063829787236,10.029166666666667,22.036363636363635,16.995238095238093,5.646111111111111
CA-ILO-01,2022-08-11,215.44466666666668,8.190434782608696,26.645833333333332,20.770833333333332,15.049999999999999
CA-ILO-01,2022-08-12,231.5723404255319,8.536666666666667,22.941666666666666,16.518181818181816,11.235128205128206
CA-ILO-01,2022-08-13,236.586875,6.361249999999999,15.530434782608696,9.533333333333333,6.041666666666667
CA-ILO-01,2022-08-14,239.56847826086957,5.05375,13.390476190476189,9.904761904761905,5.94923076923077
CA-ILO-01,2022-08-15,253.8495744680851,5.704999999999999,17.604347826086954,12.2,5.826315789473685
CA-ILO-01,2022-08-16,240.11399999999998,6.574166666666667,23.76666666666667,16.5,5.860476190476191
CA-ILO-01,2022-08-17,225.73297872340427,6.00608695652174,19.217391304347824,12.791304347826086,5.807777777777778
CA-ILO-01,2022-08-18,222.58386363636365,6.8960869565217395,18.796,13.069999999999999,5.725833333333333
CA-ILO-01,2022-08-19,207.77541666666664,7.247916666666666,19.208333333333332,13.875,11.527777777777779
CA-ILO-01,2022-08-20,214.1576086956522,6.824583333333333,13.791666666666666,9.721739130434782,5.820434782608696
CA-ILO-01,2022-08-21,217.564375,5.325652173913044,13.979166666666666,9.661904761904761,5.788518518518519
CA-ILO-01,2022-08-22,222.4682222222222,5.451818181818182,14.181818181818182,9.84736842105263,5.953703703703703
CA-ILO-01,2022-08-23,225.9439583333333,5.199130434782608,14.975,10.15,5.9479999999999995
CA-ILO-01,2022-08-24,225.83369565217393,5.159565217391305,17.63478260869565,12.466666666666667,6.163939393939394
CA-ILO-01,2022-08-25,228.84833333333333,5.5304166666666665,18.483333333333334,12.97272727272727,5.919259259259259
CA-ILO-01,2022-08-26,234.41229166666668,7.318333333333334,15.204545454545455,10.65263157894737,6.058888888888889
CA-ILO-01,2022-08-27,250.39499999999998,4.958333333333333,15.769565217391303,11.263157894736842,6.113333333333333
CA-ILO-01,2022-08-28,258.69363636363636,4.876818181818181,17.675,13.622222222222224,6.9554285714285715
CA-ILO-01,2022-08-29,258.4626086956522,5.96,15.766666666666667,11.578947368421053,6.2
CA-ILO-01,2022-08-30,251.79239130434783,4.756086956521739,12.318181818181818,9.895,6.154761904761905
CA-ILO-01,2022-08-31,251.59829787234045,9.02608695652174,13.804166666666667,10.582608695652175,7.1714705882352945
CA-ILO-01,2022-09-01,236.93170212765955,6.007916666666667,13.790416666666667,9.787083333333333,7.99547619047619
CA-ILO-01,2022-09-02,239.18770833333335,5.515909090909091,11.628333333333332,9.2524,6.4788
CA-ILO-01,2022-09-03,252.50458333333336,5.417727272727273,13.294583333333334,10.5208,6.377222222222223
CA-ILO-01,2022-09-04,256.62936170212765,4.615454545454546,13.6296,10.7052,6.3536363636363635
CA-ILO-01,2022-09-05,276.26854166666664,7.970416666666666,18.028,14.1624,11.006
CA-ILO-01,2022-09-06,292.11645833333336,7.838181818181818,11.359166666666667,9.2728,6.538260869565217
CA-ILO-01,2022-09-07,296.79375,8.286666666666667,11.103333333333333,8.564583333333333,6.60962962962963
CA-ILO-01,2022-09-08,302.82687500000003,5.930434782608696,9.2904,7.233478260869566,6.5892
CA-ILO-01,2022-09-09,282.59583333333336,5.967272727272728,9.5352,7.5296,6.648695652173912
CA-ILO-01,2022-09-10,268.02208333333334,6.043333333333333,13.322000000000001,10.488399999999999,6.6528
CA-ILO-01,2022-09-11,265.42125,5.053333333333334,9.9168,7.848181818181818,7.046774193548386
CA-ILO-01,2022-09-12,282.7717021276596,7.0926086956521734,11.0676,8.414,8.210277777777778
CA-ILO-01,2022-09-13,280.7402173913043,6.33,8.4696,6.640000000000001,6.602692307692307
CA-ILO-01,2022-09-14,259.0552083333333,5.808947368421053,11.78875,8.872083333333334,6.717307692307693
CA-ILO-01,2022-09-15,235.33041666666668,6.333913043478261,14.2592,10.4792,6.802173913043478
CA-ILO-01,2022-09-16,245.326875,6.115714285714286,14.258181818181818,10.454545454545455,6.907037037037037
CA-ILO-01,2024-03-22,304.23770833333333,7.017142857142857,14.3432,7.374,14.483947368421052
CA-ILO-01,2024-03-23,323.1514583333333,8.22125,15.3596,8.040000000000001,22.166326530612245
CA-ILO-01,2024-03-24,322.9795833333333,7.959166666666667,20.4236,9.6884,16.41390243902439
CA-ILO-01,2024-03-25,332.2184782608696,11.238095238095237,23.070000000000004,9.6652,21.09720930232558
CA-ILO-01,2024-03-26,343.3933333333334,11.358333333333334,19.6748,7.821600000000001,14.30275
CA-ILO-01,2024-03-27,294.945625,6.669090909090909,12.602083333333333,5.6,38.700909090909086
CA-ILO-01,2024-03-28,290.48765957446807,6.120909090909091,13.494000000000002,6.9604,14.863
CA-ILO-01,2024-03-29,277.45104166666664,5.021904761904762,10.955416666666666,6.8012,14.37372093023256
CA-ILO-01,2024-03-30,276.41914893617025,4.78,11.692,6.888,13.199642857142857
CA-ILO-01,2024-03-31,283.045,5.921428571428571,12.437999999999999,7.260800000000001,13.690588235294118
CA-ILO-01,2024-04-01,283.0712765957447,6.306086956521739,12.450416666666667,6.6168000000000005,14.441463414634146
CA-ILO-01,2024-04-02,292.80625000000003,7.941739130434782,16.6176,8.588799999999999,13.93357142857143
CA-ILO-01,2024-04-03,286.843125,6.23375,12.076400000000001,6.5,15.432285714285713
CA-ILO-01,2024-04-04,283.87939393939394,7.57590909090909,15.3052,6.770833333333333,18.455348837209304
CA-ILO-01,2024-04-05,297.5045833333333,9.107826086956521,20.6356,10.0364,33.63869565217391
CA-ILO-01,2024-04-06,298.5904255319149,8.54875,21.0856,12.0288,24.24590909090909
CA-ILO-01,2024-04-07,291.07145833333334,7.3536363636363635,25.1692,14.7408,21.217045454545453
CA-ILO-01,2024-04-08,298.6802083333333,8.86875,20.4624,11.496666666666668,32.82152173913043
CA-ILO-01,2024-04-09,334.275625,8.3275,20.856399999999997,11.985999999999999,31.159375
CA-ILO-01,2024-04-10,361.66625,10.898181818181818,25.746800000000004,15.71,50.07217391304348
CA-ILO-01,2024-04-11,352.7164583333333,7.409565217391304,19.5672,11.1908,28.489047619047618
CA-ILO-01,2024-04-12,328.6421739130435,7.155833333333334,18.571739130434782,9.665652173913044,18.892162162162162
CA-ILO-01,2024-04-13,301.00666666666666,9.295833333333333,21.7632,12.058,18.721739130434784
CA-ILO-01,2024-04-14,306.94340425531914,9.575000000000001,21.4928,11.46125,33.563125
CA-ILO-01,2024-04-15,282.65500000000003,6.493478260869565,42.756800000000005,14.701666666666666,15.13
CA-ILO-01,2024-04-16,278.439375,6.64695652173913,15.578,7.3625,18.360434782608696
CA-ILO-01,2024-04-17,301.3887234042553,11.340416666666668,20.6224,10.948,30.10142857142857
CA-ILO-01,2024-04-18,275.55382978723406,9.370416666666666,22.8896,11.6728,16.40487804878049
CA-ILO-01,2024-04-19,273.8372340425532,9.945652173913043,27.5672,13.4048,16.83232558139535
CA-ILO-01,2024-04-20,270.40708333333333,10.398333333333333,26.5792,12.5336,29.513191489361706
CA-ILO-01,2024-04-21,280.751875,7.32304347826087,21.1572,10.962,22.879268292682926
CA-ILO-01,2024-04-22,298.10020833333334,10.280869565217392,27.819200000000002,13.6544,22.767916666666665
CA-ILO-01,2024-04-23,289.8379166666667,10.355909090909092,30.142083333333332,12.9936,26.683829787234046
CA-ILO-01,2024-04-24,314.681875,11.37782608695652,19.2444,10.9856,22.446595744680852
CA-ILO-01,2024-04-25,286.24978723404257,9.004347826086956,20.801666666666666,10.710833333333333,23.770666666666667
CA-ILO-01,2024-04-26,297.3676595744681,16.095833333333335,22.872,10.0992,16.95195652173913
CA-ILO-01,2024-04-27,309.8455319148936,13.4475,23.9832,11.5288,21.243877551020407
CA-ILO-01,2024-04-28,273.12791666666664,8.690434782608696,16.3725,8.92,16.52139534883721
CA-ILO-01,2024-04-29,286.69041666666664,10.953913043478261,35.7564,17.7852,15.928095238095239
CA-ILO-01,2024-04-30,296.98833333333334,9.63888888888889,18.2088,9.8284,18.052
CA-ILO-01,2024-09-13,304.85041666666666,6.845000000000001,14.965000000000002,8.358333333333333,8.354761904761904
CA-ILO-01,2024-09-14,313.71382978723403,5.480869565217391,16.3968,9.2112,5.347250000000001
CA-ILO-01,2024-09-15,322.00446808510634,4.915,19.3336,11.739600000000001,5.307666666666666
CA-ILO-01,2024-09-16,338.26479166666667,7.295454545454546,16.770799999999998,10.078,5.342
CA-ILO-01,2024-09-17,361.15021276595746,6.4725,23.566799999999997,13.891666666666666,9.45135135135135
CA-ILO-01,2024-09-18,368.33916666666664,6.967391304347826,20.882399999999997,11.9024,5.8080487804878045
CA-ILO-01,2024-09-19,375.06583333333333,5.39695652173913,12.58,8.0324,5.1
CA-ILO-01,2024-09-20,366.0652173913044,8.056521739130435,21.0068,12.760399999999999,5.715263157894737
CA-ILO-01,2024-09-21,327.516170212766,6.415833333333333,28.5652,16.290399999999998,9.049111111111111
CA-ILO-01,2024-09-22,346.27106382978724,5.066666666666666,19.357916666666664,11.998750000000001,7.448157894736841
CA-ILO-01,2024-09-23,368.664375,7.011666666666667,18.132,11.4828,7.20051282051282
CA-ILO-01,2024-09-24,349.3281578947368,6.223125,13.995454545454544,8.091818181818182,4.87047619047619
CA-ILO-01,2024-09-25,331.280625,6.000416666666666,20.5412,10.582608695652175,5.388857142857144
CA-ILO-01,2024-09-26,335.5733333333333,6.1747826086956525,16.791600000000003,8.954166666666667,5.25375
CA-ILO-01,2024-09-27,347.9075,7.5425,16.8732,8.389166666666666,4.865666666666667
CA-ILO-01,2024-09-28,366.8495833333333,6.54695652173913,18.698,11.064,5.485405405405405
CA-ILO-01,2024-09-29,381.55625000000003,5.460869565217391,14.442,8.962083333333334,5.02576923076923
CA-ILO-01,2024-09-30,419.49333333333334,7.158695652173913,15.9944,12.145199999999999,8.26972972972973
CA-ILO-01,2024-10-01,420.29375,5.56,12.346666666666666,8.74,5.056896551724138
CA-ILO-01,2024-10-02,426.44416666666666,6.570833333333333,17.538800000000002,10.761249999999999,5.538235294117648
CA-ILO-01,2024-10-03,413.5828260869566,7.18875,15.2544,8.844166666666666,5.12
CA-ILO-01,2024-10-04,336.30604166666666,6.861304347826087,16.5156,10.957500000000001,24.321190476190477
CA-ILO-01,2024-10-05,338.71468085106386,5.689565217391305,16.1052,11.1348,5.4591666666666665
CA-ILO-01,2024-10-06,368.50895833333334,7.4339130434782605,20.051666666666666,13.044,6.519268292682927
CA-ILO-01,2024-10-07,375.0455319148936,6.951739130434782,18.58,12.3576,6.210243902439024
CA-ILO-01,2024-10-08,385.2920833333333,4.669545454545455,7.6692,6.0927999999999995,4.760000000000001
CA-ILO-01,2024-10-09,360.39630434782606,5.030909090909091,9.602857142857143,7.246363636363636,8.856111111111112
CA-ILO-01,2024-10-10,330.15791666666667,4.61,8.1708,5.1928,4.651212121212121
CA-ILO-01,2024-10-11,334.20979166666666,6.006363636363636,13.806400000000002,7.8187999999999995,5.170625
CA-ILO-01,2024-10-12,347.52770833333335,5.651304347826087,20.7608,12.208799999999998,4.81551724137931
CA-ILO-01,2024-10-13,366.19854166666664,5.77,23.250833333333333,13.144,7.2638461538461545
CA-ILO-01,2024-10-14,366.2152083333333,5.2295454545454545,19.612173913043478,11.304347826086957,5.54
CA-ILO-01,2024-10-15,356.2345652173913,7.961818181818182,18.0612,9.63625,5.223939393939394
CA-ILO-01,2024-10-16,328.96437499999996,6.00125,15.0832,8.224583333333333,4.725454545454546
CA-ILO-01,2024-10-17,342.154375,6.246521739130435,18.0048,9.627083333333333,5.364285714285714
CA-ILO-01,2024-10-18,347.8825,13.127777777777776,18.0456,9.9264,5.221764705882353
CA-ILO-02,2024-01-01,283.9693617021276,5.6872727272727275,17.8476,11.7784,9.551282051282051
CA-ILO-02,2024-01-02,275.0129166666667,5.2775,15.011666666666665,10.21,26.092195121951217
CA-ILO-02,2024-01-03,270.9168888888889,6.273636363636364,15.216399999999998,10.445,33.39536585365854
CA-ILO-02,2024-01-04,265.9942553191489,6.534090909090909,17.1824,10.6404,13.587391304347825
CA-ILO-02,2024-01-05,269.6127659574468,6.215,34.56458333333334,19.361250000000002,19.44044444444444
CA-ILO-02,2024-01-06,269.6720833333333,4.42,26.4444,17.47458333333333,14.486285714285714
CA-ILO-02,2024-01-07,267.6490909090909,3.798636363636364,10.288,7.389600000000001,7.992777777777778
CA-ILO-02,2024-01-08,282.25166666666667,4.705217391304347,12.5856,8.567916666666667,14.262564102564102
CA-ILO-02,2024-01-09,291.0228260869565,5.533333333333334,18.650833333333335,11.6044,38.66325581395349
CA-ILO-02,2024-01-10,291.24062499999997,5.372083333333333,12.123199999999999,7.3092,14.959285714285713
CA-ILO-02,2024-01-11,292.64027027027026,7.937,28.002499999999998,15.004000000000001,44.825476190476195
CA-ILO-02,2024-01-12,269.19395833333334,5.953913043478261,19.8932,12.7916,15.93829268292683
CA-ILO-02,2024-01-13,272.68191489361703,4.603181818181818,21.133200000000002,14.83,11.717906976744187
CA-ILO-02,2024-01-14,272.138125,4.130869565217392,15.5724,11.2976,14.24175
CA-ILO-02,2024-01-15,276.82895833333333,5.52625,17.3172,12.095999999999998,26.695853658536585
CA-ILO-02,2024-01-16,276.559375,5.416086956521739,17.5872,11.4904,8.482444444444443
CA-ILO-02,2024-01-17,280.55895833333335,5.44625,25.863200000000003,16.5552,8.593684210526316
CA-ILO-02,2024-01-18,293.90791666666667,6.232173913043479,25.212400000000002,16.5212,7.798055555555556
CA-ILO-02,2024-01-19,299.18874999999997,5.180434782608696,15.708,10.6924,10.65
CA-ILO-02,2024-01-20,304.25291666666664,5.635,20.149583333333332,12.3564,15.237045454545454
CA-ILO-02,2024-01-21,307.8595833333333,5.8047826086956515,28.5104,18.2808,17.972954545454545
CA-ILO-02,2024-01-22,305.771914893617,5.742272727272727,42.419200000000004,23.9012,12.871777777777778
CA-ILO-02,2024-01-23,313.3012765957447,5.88625,39.8916,24.3456,19.26369565217391
CA-ILO-02,2024-01-24,311.5488888888889,5.336363636363637,19.4136,13.4232,11.833953488372094
CA-ILO-02,2024-01-25,297.5491666666667,6.954761904761905,25.3252,17.0088,39.20888888888889
CA-ILO-02,2024-01-26,311.92625,6.105909090909091,27.336,18.1956,26.65195652173913
CA-ILO-02,2024-01-27,303.2431914893617,4.817083333333334,16.154,10.691600000000001,8.789772727272727
CA-ILO-02,2024-01-28,304.98770833333333,4.763181818181819,24.8572,16.1308,15.209148936170214
CA-ILO-02,2024-01-29,302.97812500000003,4.330909090909091,23.4948,15.1532,15.476585365853659
CA-ILO-02,2024-01-30,313.9544680851064,5.228,40.330799999999996,24.9692,10.017317073170732
CA-ILO-02,2024-01-31,320.68783783783783,5.052272727272728,29.820416666666663,18.11791666666667,11.96075
CA-ILO-02,2024-02-01,308.1665957446809,4.632727272727273,24.059583333333332,14.767083333333334,10.79046511627907
CA-ILO-02,2024-02-02,314.58872340425535,4.673333333333333,32.8896,18.914,10.958857142857143
CA-ILO-02,2024-02-03,323.114375,4.606086956521739,45.396,26.946399999999997,24.964375
CA-ILO-02,2024-02-04,337.67312499999997,4.725,34.2316,18.9392,11.819999999999999
CA-ILO-02,2024-02-29,274.8373913043478,5.33,16.001199999999997,11.034,22.295454545454547
CA-ILO-02,2024-03-01,271.208125,5.339166666666666,19.354400000000002,13.2764,17.64
CA-ILO-02,2024-03-02,280.2472916666667,5.8175,28.184,20.449583333333333,17.729166666666668
CA-ILO-02,2024-03-03,287.3917021276596,4.814761904761904,30.450416666666666,20.7812,16.383958333333332
CA-ILO-02,2024-03-04,293.014347826087,5.94125,18.220399999999998,12.927999999999999,25.83066666666667
CA-ILO-02,2024-03-05,267.96875,5.046521739130435,17.99,12.660000000000002,26.766222222222222
CA-ILO-02,2024-03-06,266.5842553191489,6.165416666666666,19.4964,13.225833333333334,17.483999999999998
CA-ILO-02,2024-03-07,259.03978260869565,5.156521739130435,17.383599999999998,12.298,25.52441860465116
CA-ILO-02,2024-03-08,264.6887234042553,5.045833333333333,13.5776,9.8748,9.353846153846154
CA-ILO-02,2024-03-09,291.315,5.919130434782608,21.954583333333332,15.777083333333332,16.666097560975608
CA-ILO-02,2024-03-10,295.769375,4.556956521739131,16.5148,12.095416666666667,14.422666666666666
CA-ILO-02,2024-03-11,298.9483333333333,4.99,13.220799999999999,10.383199999999999,14.855
CA-ILO-02,2024-03-12,309.8097916666667,4.925652173913043,15.3764,12.060799999999999,9.040697674418604
CA-ILO-02,2024-03-13,322.735,5.856521739130434,18.352,13.250833333333333,15.881521739130434
CA-ILO-02,2024-03-14,291.13162162162166,8.44,28.807826086956524,21.100454545454543,13.68609756097561
CA-ILO-02,2024-03-15,252.11791666666667,6.369545454545454,23.3772,17.262,26.93782608695652
CA-ILO-02,2024-03-16,272.60833333333335,7.41,29.790399999999998,22.3068,19.70108695652174
CA-ILO-02,2024-03-17,279.43854166666665,5.910416666666666,17.907083333333333,14.165833333333332,16.867346938775512
CA-ILO-02,2024-03-18,283.903125,7.434545454545455,17.210416666666667,14.374,22.80744680851064
CA-ILO-02,2024-03-19,296.90319148936175,6.525833333333334,14.5676,12.6404,23.44191489361702
CA-ILO-02,2024-03-20,296.6723404255319,6.40391304347826,11.1284,9.39,30.597045454545455
CA-ILO-02,2024-03-21,273.18833333333333,6.208095238095238,7.619199999999999,6.6928,47.08093023255814
CA-ILO-02,2024-03-22,287.73148936170213,6.441739130434782,5.851666666666667,5.327999999999999,20.510625
CA-ILO-02,2024-03-23,304.81659574468085,6.353750000000001,6.0532,5.833333333333333,28.831458333333334
CA-ILO-02,2024-03-24,303.8433333333333,6.621666666666667,5.9144000000000005,5.475833333333334,16.96217391304348
CA-ILO-02,2024-03-25,290.5468085106383,7.755416666666666,5.1188,4.7868,12.366875
CA-ILO-02,2024-03-26,291.768125,7.232380952380952,6.216818181818183,4.6634782608695655,10.254285714285714
CA-ILO-02,2024-03-27,279.9241666666667,6.833636363636364,31.8308,16.472,23.195416666666663
CA-ILO-02,2024-03-28,289.25104166666665,5.584545454545455,25.6144,16.3276,18.391136363636363
CA-ILO-02,2024-03-29,286.4014583333333,5.1408695652173915,30.764400000000002,20.534583333333334,20.538260869565217
CA-ILO-02,2024-03-30,291.20829787234044,5.28375,20.8596,13.0892,28.01204081632653
CA-ILO-02,2024-03-31,290.07020833333337,4.678695652173913,19.0532,11.287083333333333,10.661714285714286
CA-ILO-02,2024-04-01,282.7658333333333,6.02,15.1248,9.43875,35.21909090909091
CA-ILO-02,2024-04-02,284.30583333333334,5.812916666666666,22.997600000000002,13.558399999999999,9.501190476190477
CA-ILO-02,2024-04-03,283.61,6.4312499999999995,19.468,11.140799999999999,12.723333333333333
CA-ILO-02,2024-04-04,271.1975,7.2436842105263155,16.982,10.3928,31.178749999999997
CA-ILO-02,2024-04-05,289.916875,7.434782608695652,24.121199999999998,14.616399999999999,39.540217391304346
CA-ILO-02,2024-04-06,295.753125,7.289999999999999,26.777199999999997,17.5532,32.97829787234043
CA-ILO-02,2024-04-07,297.88770833333336,6.237826086956522,45.93600000000001,30.71,17.50586956521739
CA-ILO-02,2024-04-08,300.091875,6.521666666666667,20.314,14.3092,37.517916666666665
CA-ILO-02,2024-04-09,302.4379166666667,6.585217391304348,30.328000000000003,19.467200000000002,31.293695652173913
CA-ILO-02,2024-04-10,304.55371428571425,8.221428571428572,36.276818181818186,23.969090909090912,37.09522727272727
CA-ILO-02,2024-04-11,268.23645833333336,6.59625,31.6464,20.07,37.056222222222225
CA-ILO-02,2024-04-12,280.91170212765957,7.823333333333333,23.914,15.7724,35.47666666666667
CA-ILO-02,2024-04-13,284.07916666666665,8.073478260869566,26.8808,18.0072,23.66909090909091
CA-ILO-02,2024-04-14,288.19234042553194,6.01875,24.938000000000002,15.9472,39.37595744680851
CA-ILO-02,2024-04-15,280.4941666666667,5.470434782608695,23.088,12.0376,13.211702127659576
CA-ILO-02,2024-04-16,270.4972916666667,6.811304347826087,16.9392,10.89125,24.971458333333334
CA-ILO-02,2024-04-17,281.97229166666665,7.922083333333333,20.3732,13.441249999999998,29.676666666666666
CA-ILO-02,2024-04-18,280.97818181818184,7.316363636363636,32.8588,22.2084,11.505348837209302
CA-ILO-02,2024-04-19,264.5536956521739,8.165000000000001,39.3132,25.0928,10.726744186046512
CA-ILO-02,2024-04-20,280.54541666666665,8.838260869565218,37.4708,23.332083333333333,35.662708333333335
CA-ILO-02,2024-04-21,304.7139583333333,7.486521739130435,44.2272,31.179166666666664,29.954166666666666
CA-ILO-02,2024-04-22,316.6666666666667,9.185,42.635200000000005,31.415217391304346,25.10326530612245
CA-ILO-02,2024-04-23,316.50708333333336,8.76391304347826,24.09,16.1784,32.78108695652174
CA-ILO-02,2024-04-24,315.9671739130435,8.942857142857143,18.5344,13.7728,49.15511111111111
CA-ILO-02,2024-04-25,275.0289583333333,8.617916666666668,21.028000000000002,15.263599999999999,40.79734693877551
CA-ILO-02,2024-04-26,279.93604166666665,8.8675,28.207199999999997,18.139200000000002,12.061276595744681
CA-ILO-02,2024-04-27,282.0395744680851,8.934166666666666,21.3948,14.526800000000001,20.582608695652173
CA-ILO-02,2024-04-28,268.5052083333333,6.5826086956521745,32.2952,21.262800000000002,10.115869565217391
CA-ILO-02,2024-04-29,272.675625,5.9775,31.292800000000003,22.506,9.710714285714285
CA-ILO-02,2024-04-30,285.4085416666667,6.633333333333333,13.6084,10.192,38.37111111111111
CA-ILO-02,2024-05-01,308.07729166666667,8.49047619047619,24.0216,16.821199999999997,63.21265306122449
CA-ILO-02,2024-05-02,305.9553125,6.99625,29.9832,22.11125,10.331578947368422
CA-ILO-02,2024-05-04,259.23315789473685,7.425416666666667,15.1348,11.933749999999998,23.87239130434783
CA-ILO-02,2024-05-05,233.63625000000002,6.467083333333334,9.536,7.822500000000001,11.162777777777778
CA-ILO-02,2024-05-06,226.49270833333333,5.735833333333333,7.6036,5.952083333333333,10.744642857142859
CA-ILO-02,2024-05-20,234.37666666666667,7.062,16.3416,12.7644,10.136904761904763
CA-ILO-02,2024-05-21,237.40416666666667,7.382916666666667,22.4788,17.608,9.331707317073171
CA-ILO-02,2024-05-22,247.82062499999998,6.932608695652173,24.0812,19.6684,9.81775
CA-ILO-02,2024-05-23,248.53829787234042,6.077500000000001,10.904000000000002,8.6204,9.135
CA-ILO-02,2024-05-24,252.43312500000002,6.131666666666667,14.0364,12.0076,15.759487179487179
CA-ILO-02,2024-05-25,263.80617021276595,6.321666666666666,10.654166666666667,9.419583333333334,24.072857142857146
CA-ILO-02,2024-05-26,262.99583333333334,4.686521739130435,12.693999999999999,10.4628,9.672432432432432
CA-ILO-02,2024-05-27,265.6751063829787,5.820869565217391,9.459583333333333,8.0584,9.452058823529413
CA-ILO-02,2024-05-28,267.63375,7.3004999999999995,13.713199999999999,11.384,10.494594594594595
CA-ILO-02,2024-05-29,264.0365789473684,5.595217391304348,14.263599999999999,11.381666666666668,9.18108108108108
CA-ILO-02,2024-05-30,224.34659574468088,6.120833333333334,20.2448,16.0708,15.047446808510639
CA-ILO-02,2024-05-31,240.93499999999997,6.056666666666667,15.4248,12.3948,8.891951219512196
CA-ILO-02,2024-06-01,245.98354166666664,5.698636363636364,15.2172,12.706,10.187435897435897
CA-ILO-02,2024-06-02,243.11791666666667,4.522857142857143,26.3392,23.4996,19.626382978723402
CA-ILO-02,2024-06-03,242.19270833333334,5.662173913043477,20.9552,18.1048,13.72311111111111
CA-ILO-02,2024-06-04,248.75812499999998,5.845652173913043,17.9668,14.9828,11.880952380952381
CA-ILO-02,2024-06-05,264.33666666666664,7.367826086956522,24.064,19.07,11.7325
CA-ILO-02,2024-06-06,275.34257142857143,6.779090909090908,24.96608695652174,20.443478260869565,15.624
CA-ILO-02,2024-06-07,254.76208333333332,5.402727272727272,27.122,21.8068,48.90489361702128
CA-ILO-02,2024-06-08,268.39770833333336,5.915454545454545,32.8148,25.476,11.177608695652173
CA-ILO-02,2024-06-09,278.29723404255316,5.97,33.67,26.336399999999998,20.097142857142856
CA-ILO-02,2024-06-10,279.50239130434784,7.253913043478261,22.2124,16.4336,22.086279069767443
CA-ILO-02,2024-06-11,255.23239130434783,6.464347826086957,13.9916,11.3652,9.767941176470588
CA-ILO-02,2024-06-12,267.410625,7.787727272727272,19.3104,15.221666666666666,17.343488372093024
CA-ILO-02,2024-06-13,266.6120833333333,8.543333333333333,26.04,20.1724,10.551904761904762
CA-ILO-02,2024-06-14,265.3745833333333,6.262173913043478,22.3204,17.1752,11.517073170731708
CA-ILO-02,2024-06-15,268.62354166666665,5.9675,24.272,18.491600000000002,11.433846153846154
CA-ILO-02,2024-06-16,263.18652173913046,5.381666666666667,15.139166666666668,11.753599999999999,9.972631578947368
CA-ILO-02,2024-06-17,276.295,7.591304347826087,6.083749999999999,5.19,9.225714285714284
CA-ILO-02,2024-06-18,267.31659574468085,8.884782608695652,12.5852,9.8868,14.480714285714287
CA-ILO-02,2024-06-19,257.90173913043475,8.162916666666666,5.548750000000001,4.7684,9.328648648648649
CA-ILO-02,2024-06-20,242.73729166666666,8.543000000000001,9.8396,8.33625,11.262
CA-ILO-02,2024-06-21,258.0112765957447,9.1575,15.77125,12.790833333333333,21.187555555555555
CA-ILO-02,2024-06-22,255.2623404255319,5.962083333333333,18.835833333333333,15.010833333333332,17.787499999999998
CA-ILO-02,2024-06-23,264.01875,5.664347826086956,18.8,14.8376,13.152608695652173
CA-ILO-02,2024-06-24,259.0180434782609,8.581304347826087,22.6468,15.283199999999999,10.37657894736842
CA-ILO-02,2024-06-25,233.2844680851064,9.388333333333334,22.4004,16.0448,13.551521739130434
CA-ILO-02,2024-06-26,234.7325,10.13,24.557199999999998,17.982916666666664,22.298571428571424
CA-ILO-02,2024-06-27,230.22479166666668,8.497142857142856,14.7328,10.7272,12.781956521739131
CA-ILO-02,2024-06-28,234.7104255319149,6.307916666666667,12.710416666666667,9.96,11.245609756097561
CA-ILO-02,2024-06-29,236.23340425531913,6.326956521739131,12.4925,10.1744,24.51609756097561
CA-ILO-02,2024-06-30,239.09659574468088,5.541818181818182,15.6068,13.066666666666668,22.89348837209302
CA-ILO-02,2024-07-01,230.44106382978723,6.511304347826086,21.8348,17.7176,13.058536585365854
CA-ILO-02,2024-07-02,224.7564583333333,5.5613636363636365,27.209600000000002,21.2084,19.8915
CA-ILO-02,2024-07-03,212.59468085106386,5.812857142857142,27.35739130434783,21.93565217391304,19.34911111111111
CA-ILO-02,2024-07-04,205.3436170212766,5.525833333333334,34.583200000000005,24.1908,17.442954545454544
CA-ILO-02,2024-07-05,225.5845833333333,7.680416666666666,31.1604,23.0332,13.46063829787234
CA-ILO-02,2024-07-06,242.98416666666665,6.1875,17.9312,13.88125,11.425853658536587
CA-ILO-02,2024-07-07,247.30583333333334,5.768695652173913,13.534583333333332,11.1668,16.596829268292684
CA-ILO-02,2024-07-08,241.4025,5.5627272727272725,10.349130434782609,8.454,9.945
CA-ILO-02,2024-07-09,251.87,6.135000000000001,11.0752,9.4728,9.75
CA-ILO-02,2024-07-10,243.12461538461537,7.61375,10.95375,8.969583333333334,10.388571428571428
CA-ILO-02,2024-09-13,285.70948717948716,5.895217391304348,10.923333333333334,8.671428571428573,13.485675675675676
CA-ILO-02,2024-09-14,268.94125,4.5876190476190475,16.2772,11.180399999999999,7.924285714285714
CA-ILO-02,2024-09-15,268.56958333333336,4.816666666666666,18.0096,12.9432,7.815882352941177
CA-ILO-02,2024-09-16,279.22375,5.590869565217392,26.823600000000003,17.628800000000002,8.02741935483871
CA-ILO-02,2024-09-17,289.30291666666665,5.842083333333334,25.8008,17.5108,13.290571428571429
CA-ILO-02,2024-09-18,292.55916666666667,4.884166666666666,26.332399999999996,17.166,8.49
CA-ILO-02,2024-09-19,305.75702127659576,5.346666666666667,11.7332,9.1356,7.772857142857142
CA-ILO-02,2024-09-20,296.3805128205128,4.970416666666667,37.989200000000004,21.834,8.305757575757575
CA-ILO-02,2024-09-21,284.26875,5.3429166666666665,61.037200000000006,37.4532,11.075641025641024
CA-ILO-02,2024-09-22,291.9370833333333,4.833043478260869,24.76,16.4884,13.577105263157897
CA-ILO-02,2024-09-23,311.53173913043474,5.58909090909091,26.705833333333334,17.835416666666667,10.78051282051282
CA-ILO-02,2024-09-24,297.4663829787234,5.473181818181818,19.579583333333336,12.263333333333334,7.9510000000000005
CA-ILO-02,2024-09-25,258.97541666666666,6.872173913043478,29.736,16.293333333333333,8.249677419354839
CA-ILO-02,2024-09-26,249.6385185185185,5.573333333333333,34.9528,22.5336,7.683888888888889
CA-ILO-02,2024-09-27,305.806875,6.207826086956522,34.686,19.032083333333333,8.996333333333332
CA-ILO-02,2024-09-28,294.254375,6.2873913043478264,22.7988,15.5756,11.183333333333334
CA-ILO-02,2024-09-29,320.33125,4.552083333333333,14.8848,10.607999999999999,7.083235294117648
CA-ILO-02,2024-09-30,352.01895833333333,6.167916666666667,19.408,15.5536,19.83825
CA-ILO-02,2024-10-01,303.3797826086956,5.5169565217391305,14.85375,11.3308,9.404054054054054
CA-ILO-02,2024-10-02,317.1582978723404,5.456666666666667,19.7968,13.97125,7.367575757575757
CA-ILO-02,2024-10-03,317.46999999999997,5.1075,17.409166666666668,12.2544,7.121666666666667
CA-ILO-02,2024-10-04,309.28625,5.62125,18.1836,13.558,32.854285714285716
CA-ILO-02,2024-10-05,270.3354166666667,4.57695652173913,20.877200000000002,14.8752,7.493142857142857
CA-ILO-02,2024-10-06,269.98190476190473,3.895,19.018260869565218,14.498181818181818,9.024705882352942
CA-ILO-02,2024-10-11,263.35368421052635,6.055652173913043,20.964000000000002,13.8424,7.910606060606061
CA-ILO-02,2024-10-12,265.46583333333336,4.8273913043478265,26.902800000000003,17.618399999999998,7.623939393939394
CA-ILO-02,2024-10-13,244.785,5.042857142857143,23.8908,16.4612,14.782
CA-ILO-02,2024-10-14,268.2683333333333,4.777916666666667,21.239166666666666,13.761600000000001,8.37925
CA-ILO-02,2024-10-15,279.44630434782607,5.421818181818182,23.2444,15.1904,7.529999999999999
CA-ILO-02,2024-10-16,302.5475,5.548750000000001,14.4676,9.6812,7.609230769230769
CA-ILO-02,2024-10-17,308.9253191489362,5.206666666666666,15.564,10.9296,9.045454545454545
CA-ILO-02,2024-10-18,327.26,6.8069999999999995,31.014,18.1608,7.632142857142857
CA-ILO-02,2024-11-05,263.91333333333336,8.02,29.78333333333333,21.0856,19.4695
CA-ILO-02,2024-11-06,277.94124999999997,6.286,49.44391304347826,35.203478260869566,9.094375
CA-ILO-02,2024-11-08,250.3852631578947,6.4073913043478266,35.644,23.270799999999998,5.708461538461538
CA-ILO-02,2024-11-09,265.07041666666663,4.272272727272727,26.862399999999997,17.4972,9.165681818181817
CA-ILO-02,2024-11-10,273.7225,4.259090909090909,11.956800000000001,8.5136,20.72860465116279
CA-ILO-02,2024-11-11,295.76708333333335,4.547916666666667,11.7432,9.0588,10.212499999999999
CA-ILO-02,2024-11-12,327.755,4.5785,24.62190476190476,15.876363636363637,4.845641025641025
CA-ILO-02,2024-11-13,289.12333333333333,5.478260869565218,33.0325,20.7668,5.357142857142857
CA-ILO-02,2024-11-14,352.9795833333333,6.436521739130434,33.15083333333333,19.646,7.815434782608696
CA-ILO-02,2024-11-15,370.56958333333336,4.925217391304348,19.2612,14.0632,10.462727272727273
CA-ILO-02,2024-11-16,354.73625,4.343809523809524,11.7336,8.7372,6.766470588235294
CA-ILO-02,2024-11-17,386.4342857142857,2.98,8.005263157894737,6.196842105263158,7.055555555555555
CA-ILO-02,2024-11-18,265.6984615384615,4.087727272727272,16.6948,11.912799999999999,8.078235294117647
CA-ILO-02,2024-11-19,346.57729166666667,5.489166666666667,17.613599999999998,12.609583333333333,7.167894736842105
CA-ILO-02,2024-11-20,389.79,5.355714285714286,23.8464,15.4472,4.528484848484848
CA-ILO-02,2024-11-21,386.348125,7.505909090909091,14.9596,10.5204,11.726976744186047
CA-ILO-02,2024-11-22,385.89750000000004,6.954090909090909,19.4448,13.699200000000001,25.04813953488372
CA-ILO-02,2024-11-23,424.91041666666666,5.4747619047619045,14.06,10.36,6.163809523809523
CA-ILO-02,2024-11-24,448.3614583333333,5.466086956521739,26.137083333333333,18.083333333333332,25.557727272727274
CA-ILO-02,2024-11-25,472.02416666666664,6.47304347826087,32.4808,23.412,4.573103448275862
CA-ILO-02,2024-11-26,489.7852083333333,7.852608695652173,49.0368,35.732,21.052
CA-ILO-02,2024-11-27,457.796170212766,7.47125,31.3812,22.6672,11.007906976744186
CA-ILO-02,2024-11-28,429.86479166666663,6.584090909090909,21.71,15.874,9.65090909090909
CA-ILO-02,2024-11-29,364.0297872340426,6.147083333333334,21.116799999999998,15.0172,9.023658536585366
CA-ILO-02,2024-11-30,323.90979166666665,6.3365,16.49416666666667,11.6948,9.442307692307692
CA-ILO-02,2024-12-01,355.6425,5.12,13.087916666666667,9.3444,21.060750000000002
CA-ILO-02,2024-12-02,406.9314583333333,7.072083333333333,16.3128,12.1708,17.218260869565217
CA-ILO-02,2024-12-03,385.9258333333333,7.685217391304348,20.8968,15.008799999999999,38.6035
CA-ILO-02,2024-12-04,381.2395833333333,6.992272727272728,19.7868,14.5752,24.8109756097561
CA-ILO-02,2024-12-05,403.845,6.927083333333333,21.533749999999998,15.647916666666667,14.864523809523812
CA-ILO-02,2024-12-06,401.4102083333333,5.001304347826087,13.415999999999999,10.883181818181818,5.625625
CA-ILO-02,2024-12-07,411.8514583333333,6.062173913043479,15.068,11.885833333333332,5.578157894736842
CA-ILO-02,2024-12-08,433.221875,4.734166666666667,12.5668,10.67,5.872105263157894
CA-ILO-02,2024-12-09,425.6175,6.406086956521739,19.7016,14.427999999999999,9.994222222222222
CA-ILO-02,2024-12-10,417.3710869565217,6.6839130434782605,18.933043478260867,14.9252,8.776666666666667
CA-ILO-02,2024-12-11,321.648125,5.685833333333334,17.38,14.07,5.036896551724138
CA-ILO-02,2024-12-12,312.67583333333334,5.708749999999999,13.0575,10.9136,4.837575757575758
CA-ILO-02,2024-12-13,323.29833333333335,6.670000000000001,20.5964,16.131600000000002,15.016499999999999
CA-ILO-02,2024-12-14,319.838125,6.243636363636364,17.7608,14.3116,29.345581395348834
CA-ILO-02,2024-12-15,316.338125,5.553333333333334,19.9924,15.6812,30.45822222222222
CA-ILO-02,2024-12-16,324.5647619047619,5.285454545454545,22.281666666666666,18.347391304347827,12.841025641025642
CA-ILO-02,2024-12-17,277.2791111111111,7.769166666666667,20.224800000000002,16.1025,37.47272727272727
CA-ILO-02,2024-12-18,328.82,6.487916666666667,14.2044,11.4116,16.244999999999997
CA-ILO-02,2024-12-19,396.830303030303,6.83909090909091,17.2052,13.3648,16.573823529411765
CA-ILO-02,2024-12-20,355.5541666666666,4.839166666666666,11.178260869565218,8.8824,6.124411764705882
CA-ILO-02,2024-12-21,390.71791666666667,5.03,12.1248,10.27086956521739,6.026111111111111
CA-ILO-02,2024-12-22,406.045625,6.35952380952381,21.2748,16.2956,5.840645161290323
CA-ILO-02,2024-12-23,391.0525,7.215217391304347,15.235,12.1952,55.43659090909091
CA-ILO-02,2024-12-24,394.18333333333334,6.555652173913043,15.538800000000002,12.529200000000001,46.55681818181818
CA-ILO-02,2024-12-25,418.79020833333334,3.492173913043478,9.2908,7.888333333333333,5.377027027027027
CA-ILO-02,2024-12-26,424.04783783783785,5.212173913043478,13.930434782608694,10.777391304347827,21.35690476190476
CA-ILO-02,2024-12-27,350.6225,4.755,8.202,6.75375,19.20842105263158
CA-ILO-02,2024-12-28,369.939375,5.253181818181818,12.941199999999998,9.389166666666666,33.1278947368421
CA-ILO-02,2024-12-29,364.20958333333334,4.093,13.3476,10.52875,10.317674418604652
CA-ILO-02,2024-12-30,384.8120833333333,5.277391304347826,16.2592,12.296,7.489302325581396
CA-ILO-02,2024-12-31,391.0252083333333,4.886521739130435,12.029200000000001,9.6852,25.761951219512195
CA-ILO-03,2022-01-01,398.82608695652175,7.85,16.285714285714285,11.530434782608696,9.04275
CA-ILO-03,2022-01-02,358.16249999999997,7.2444444444444445,10.125,6.104347826086957,29.413333333333338
CA-ILO-03,2022-01-03,355.7729166666666,6.985000000000001,10.282608695652174,6.04,13.65609756097561
CA-ILO-03,2022-01-04,337.18510638297874,7.43157894736842,10.5,6.323809523809524,8.957368421052632
CA-ILO-03,2022-01-05,330.1791666666667,6.935294117647059,9.668181818181818,5.636842105263158,7.871071428571428
CA-ILO-03,2022-01-06,336.89772727272725,5.866666666666666,9.120833333333334,5.584210526315789,8.802222222222222
CA-ILO-03,2022-01-07,348.39565217391305,6.413333333333333,9.445454545454545,6.215,8.007435897435897
CA-ILO-03,2022-01-08,362.3458333333333,8.77,14.342857142857142,8.072727272727272,39.61604651162791
CA-ILO-03,2022-01-09,341.34680851063825,8.222222222222221,11.325,7.163636363636363,33.915333333333336
CA-ILO-03,2022-01-10,351.53999999999996,6.411764705882353,15.808,7.7272727272727275,13.091315789473683
CA-ILO-03,2022-01-11,354.57916666666665,7.076470588235294,15.041666666666666,7.135,14.165714285714285
CA-ILO-03,2022-01-12,342.6622222222222,6.111764705882353,9.395238095238096,5.523809523809524,8.214857142857142
CA-ILO-03,2022-01-13,347.15777777777777,5.8076923076923075,11.200000000000001,7.279999999999999,7.799090909090909
CA-ILO-03,2022-01-14,373.7729166666666,10.338095238095239,17.058333333333334,8.227272727272727,32.23130434782608
CA-ILO-03,2022-01-15,318.8170212765957,7.9409090909090905,11.952173913043477,6.168181818181818,17.599999999999998
CA-ILO-03,2022-01-16,301.29583333333335,5.835714285714286,10.195833333333335,6.777272727272727,8.602592592592593
CA-ILO-03,2022-01-17,323.8760869565217,6.59375,8.461904761904762,4.711111111111111,15.264871794871796
CA-ILO-03,2022-01-18,329.68444444444447,6.535294117647059,8.19090909090909,5.035714285714286,9.229333333333333
CA-ILO-03,2022-01-19,325.81333333333333,5.776470588235294,8.658333333333333,5.447619047619048,7.66
CA-ILO-03,2022-01-20,318.8744680851064,5.68235294117647,9.458333333333334,5.281818181818182,7.6571428571428575
CA-ILO-03,2022-01-21,333.1872340425532,7.014285714285714,11.447826086956523,6.505,8.484
CA-ILO-03,2022-01-22,312.59318181818185,6.352631578947369,8.527999999999999,4.7823529411764705,7.611481481481481
CA-ILO-03,2022-01-23,292.1311111111111,5.44375,6.4,4.39375,7.52375
CA-ILO-03,2022-01-24,314.4446808510638,6.566666666666666,8.308695652173913,5.46875,8.014482758620689
CA-ILO-03,2022-01-25,313.03125,6.02,10.647619047619047,6.609090909090909,7.728
CA-ILO-03,2022-01-26,316.7744680851064,8.075,11.987499999999999,6.705,9.521212121212121
CA-ILO-03,2022-01-27,278.4340425531915,8.325,11.604166666666666,6.7,18.998205128205125
CA-ILO-03,2022-01-28,287.68260869565216,8.723529411764707,11.182608695652174,5.6761904761904765,17.642972972972974
CA-ILO-03,2022-01-29,307.08958333333334,9.209999999999999,13.086363636363636,5.6952380952380945,23.640526315789476
CA-ILO-03,2022-01-30,287.031914893617,6.36875,9.554545454545455,4.242857142857143,8.202499999999999
CA-ILO-03,2022-01-31,289.4914893617021,7.614285714285715,14.52,5.914285714285715,14.405777777777777
CA-ILO-03,2022-02-01,283.6977777777778,6.042857142857143,12.695652173913043,5.677272727272728,8.808666666666666
CA-ILO-03,2022-02-02,298.8627906976744,6.3,10.700000000000001,6.165,8.028076923076922
CA-ILO-03,2022-02-03,341.1717391304348,7.989999999999999,11.733333333333334,6.6049999999999995,13.434999999999999
CA-ILO-03,2022-02-04,388.01190476190476,6.3149999999999995,10.714285714285714,6.663157894736842,7.799444444444443
CA-ILO-03,2022-02-05,396.23333333333335,5.80625,11.10909090909091,7.377777777777778,7.933684210526316
CA-ILO-03,2022-02-06,407.8085106382979,7.027777777777778,12.095999999999998,7.229166666666667,19.455750000000002
CA-ILO-03,2022-02-07,416.08085106382975,7.347058823529412,12.447826086956523,6.18,8.009411764705883
CA-ILO-03,2022-02-08,382.6979166666667,5.781818181818182,13.265217391304349,8.577272727272726,8.003636363636362
CA-ILO-03,2022-02-09,321.6765957446808,6.764705882352941,15.5625,9.979166666666666,10.88813953488372
CA-ILO-03,2022-02-10,341.29782608695655,8.138095238095238,13.630434782608695,7.12,31.00973684210526
CA-ILO-03,2022-02-11,323.95106382978724,6.922222222222222,14.152380952380952,7.0,9.690344827586205
CA-ILO-03,2022-02-12,311.204347826087,6.264705882352941,12.2,7.2,9.047333333333334
CA-ILO-03,2022-02-13,329.11489361702127,6.011111111111111,9.71304347826087,6.063157894736842,14.328378378378378
CA-ILO-03,2022-02-14,334.6659574468085,6.404999999999999,10.118181818181817,7.294736842105263,10.405277777777776
CA-ILO-03,2022-02-15,349.70212765957444,7.276190476190477,9.704761904761904,7.027777777777778,15.796857142857142
CA-ILO-03,2022-02-16,336.85434782608695,6.233333333333333,10.234782608695653,6.2894736842105265,8.142857142857142
CA-ILO-03,2022-02-17,347.07872340425536,7.76875,15.542857142857141,7.1521739130434785,8.92
CA-ILO-03,2022-02-18,364.3152173913044,8.163157894736841,14.125,8.58095238095238,22.167368421052632
CA-ILO-03,2022-02-19,367.6909090909091,11.1,15.81304347826087,8.466666666666667,31.159999999999997
CA-ILO-03,2022-02-20,349.8847826086957,6.726315789473684,11.652173913043478,5.4739130434782615,14.745121951219511
CA-ILO-03,2022-02-21,336.06739130434784,6.71578947368421,11.043478260869565,5.925,10.937105263157894
CA-ILO-03,2022-02-22,360.05625000000003,7.229411764705882,11.243478260869566,8.142857142857142,15.191818181818183
CA-ILO-03,2022-02-23,355.2630434782609,8.105263157894736,9.582608695652175,6.652941176470588,35.642820512820514
CA-ILO-03,2022-02-24,344.7395833333333,6.190476190476191,11.740909090909092,6.010526315789474,8.44142857142857
CA-ILO-03,2022-02-25,336.3066666666667,6.229411764705882,8.24090909090909,5.152380952380953,8.749285714285714
CA-ILO-03,2022-02-26,351.4468085106383,7.935,10.316666666666666,6.177777777777778,22.966842105263158
CA-ILO-03,2022-02-27,353.49545454545455,5.99375,15.247826086956522,9.120000000000001,9.599722222222221
CA-ILO-03,2022-02-28,342.7208333333333,7.35625,12.669565217391304,7.290909090909091,9.665128205128205
CA-ILO-03,2022-03-01,301.0023255813954,7.0,15.154545454545454,8.627272727272727,9.749428571428572
CA-ILO-03,2022-03-02,302.22558139534885,6.55,10.778260869565218,6.317391304347827,8.967931034482758
CA-ILO-03,2022-03-03,315.2510638297872,6.7375,9.938095238095238,5.961111111111111,11.804705882352941
CA-ILO-03,2022-03-04,314.0695652173913,6.840000000000001,12.165217391304349,6.2681818181818185,13.148518518518518
CA-ILO-03,2022-03-05,314.49574468085103,7.252631578947369,10.704545454545455,5.809090909090909,14.424347826086956
CA-ILO-03,2022-03-06,313.19787234042553,7.272222222222222,11.795652173913044,5.642857142857143,13.357391304347825
CA-ILO-03,2022-03-07,331.20851063829787,8.357142857142858,13.417391304347827,7.484999999999999,14.823829787234043
CA-ILO-03,2022-03-08,345.2511111111111,6.9941176470588236,19.4,9.979166666666666,15.004883720930234
CA-ILO-03,2022-03-09,344.72272727272724,5.984210526315789,18.24,9.204166666666667,9.032432432432433
CA-ILO-03,2022-03-10,375.9895833333333,7.226315789473685,10.534782608695652,5.378947368421053,10.085882352941177
CA-ILO-03,2022-03-11,380.6645833333334,7.409523809523809,15.680952380952382,9.295454545454545,21.926190476190477
CA-ILO-03,2022-03-12,379.87954545454545,7.084999999999999,16.858333333333334,9.796,8.782
CA-ILO-03,2022-03-13,317.625,5.821428571428571,9.178260869565218,6.490909090909091,9.20470588235294
CA-ILO-03,2022-03-14,324.48936170212767,6.589473684210526,17.579166666666666,9.182608695652174,12.464411764705883
CA-ILO-03,2022-03-15,312.1088888888889,6.727777777777778,118.944,39.06086956521739,9.1734375
CA-ILO-03,2022-03-16,339.30212765957447,7.281818181818181,26.668000000000003,12.126086956521737,15.04925
CA-ILO-03,2022-03-17,362.57916666666665,7.405263157894736,23.535999999999998,13.368181818181819,9.568974358974359
CA-ILO-03,2022-03-18,367.2086956521739,7.2299999999999995,10.409090909090908,7.123809523809523,8.855185185185185
CA-ILO-03,2022-03-19,348.1804347826087,6.54375,13.321739130434782,9.115,8.84
CA-ILO-03,2022-03-20,358.3520833333334,6.6,16.536363636363635,10.218181818181819,10.189032258064517
CA-ILO-03,2022-03-21,341.76170212765953,7.526315789473684,17.425,9.3,12.047333333333334
CA-ILO-03,2022-03-22,330.06458333333336,7.773684210526315,13.827272727272726,7.661904761904762,9.26423076923077
CA-ILO-03,2022-03-23,313.32978723404256,7.48125,12.386363636363637,7.091304347826087,9.097826086956522
CA-ILO-03,2022-03-24,312.2681818181818,6.38,10.204,6.726315789473684,9.319600000000001
CA-ILO-03,2022-03-25,337.65869565217395,8.368421052631579,14.804347826086957,8.221739130434782,22.140697674418607
CA-ILO-03,2022-03-26,332.91041666666666,9.16,18.794736842105266,11.235294117647058,13.791282051282051
CA-ILO-03,2022-03-27,317.96382978723403,7.011111111111111,11.769565217391303,8.059090909090909,10.586279069767441
CA-ILO-03,2022-03-28,341.60625,9.026315789473685,15.954545454545455,10.408333333333333,11.69452380952381
CA-ILO-03,2022-03-29,316.35,6.2176470588235295,15.561904761904762,10.578260869565218,9.238333333333333
CA-ILO-03,2022-03-30,309.1391304347826,6.625,13.195833333333333,8.745454545454546,9.191904761904762
CA-ILO-03,2022-03-31,317.5391304347826,7.325,14.672727272727274,8.204545454545455,9.678
CA-ILO-03,2022-04-01,338.1787234042553,8.777272727272727,16.508695652173913,9.08095238095238,9.836969696969698
CA-ILO-03,2022-04-02,355.5229166666666,8.73913043478261,16.756,8.380952380952381,10.057368421052631
CA-ILO-03,2022-04-03,339.86170212765956,7.315,11.717391304347826,7.569565217391304,11.022272727272728
CA-ILO-03,2022-04-04,351.48125,9.094444444444443,17.95909090909091,11.315000000000001,17.45512195121951
CA-ILO-03,2022-04-05,350.9826086956522,11.077777777777778,20.866666666666667,11.928571428571429,10.760277777777778
CA-ILO-03,2022-04-06,340.65625,9.254999999999999,24.595652173913045,15.02727272727273,17.24372093023256
CA-ILO-03,2022-04-07,365.7260869565218,9.4,20.804347826086957,12.185714285714287,20.926444444444446
CA-ILO-03,2022-04-08,338.4468085106383,7.242857142857143,23.01304347826087,14.1625,9.634333333333334
CA-ILO-03,2022-04-09,348.7782608695652,6.942105263157895,15.565217391304348,10.375,12.048
CA-ILO-03,2022-04-10,337.63023255813954,5.54375,8.189473684210526,6.052941176470589,9.433200000000001
CA-ILO-03,2022-04-11,314.85333333333335,6.294736842105263,8.40952380952381,5.4,8.671111111111111
CA-ILO-03,2022-04-12,290.175,7.057894736842105,12.160869565217391,7.189473684210526,11.268918918918919
CA-ILO-03,2022-04-13,287.28749999999997,7.4,11.957142857142857,6.895238095238096,7.808400000000001
CA-ILO-03,2022-04-14,280.2893617021277,9.708695652173914,16.98695652173913,9.652173913043478,18.076976744186044
CA-ILO-03,2022-04-15,278.52916666666664,6.722222222222222,11.67142857142857,7.331578947368421,7.511071428571428
CA-ILO-03,2022-04-16,285.07608695652175,6.668181818181818,12.208333333333334,7.6421052631578945,7.396315789473684
CA-ILO-03,2022-04-17,346.56739130434784,9.52608695652174,14.595833333333333,9.217391304347826,17.831
CA-ILO-03,2022-04-18,336.6666666666667,8.147058823529411,15.049999999999999,8.730434782608697,7.580909090909091
CA-ILO-03,2022-04-19,319.4127659574468,10.455555555555556,14.912,10.209090909090909,30.470238095238095
CA-ILO-03,2022-04-20,310.33181818181816,8.344444444444443,11.9,9.174999999999999,10.507368421052632
CA-ILO-03,2022-06-04,339.2304347826087,10.240909090909092,36.266666666666666,26.577777777777776,23.70063829787234
CA-ILO-03,2022-06-05,304.1333333333333,4.944444444444445,16.586363636363636,12.381818181818181,3.74625
CA-ILO-03,2022-06-06,248.06976744186048,5.452941176470588,12.845454545454544,10.218181818181819,7.555952380952381
CA-ILO-03,2022-06-07,239.34418604651162,7.482352941176471,14.11304347826087,11.05909090909091,3.8406060606060604
CA-ILO-03,2022-06-08,292.8622222222222,9.195454545454545,15.43913043478261,10.726086956521739,4.1175
CA-ILO-03,2022-06-09,276.04883720930235,6.1000000000000005,10.645833333333334,6.5625,3.2434615384615384
CA-ILO-03,2022-06-10,307.15434782608696,7.438095238095237,18.430434782608696,11.977272727272727,5.115909090909091
CA-ILO-03,2022-06-11,279.16956521739127,5.91,19.475,12.585714285714285,3.203823529411765
CA-ILO-03,2022-06-12,283.9255319148936,4.526315789473684,19.704761904761906,13.158333333333333,3.2655000000000003
CA-ILO-03,2022-06-13,299.925,6.1466666666666665,20.595454545454547,13.466666666666667,3.385652173913044
CA-ILO-03,2022-06-14,285.6644444444444,6.8375,22.020833333333332,12.2875,3.8003125
CA-ILO-03,2022-06-15,232.66666666666666,6.344444444444445,25.427272727272726,14.02,4.407741935483871
CA-ILO-03,2022-06-16,230.16521739130437,7.10952380952381,27.2,14.818181818181818,14.117317073170733
CA-ILO-03,2022-06-17,204.11777777777777,5.563157894736842,16.4,9.168421052631578,3.685416666666667
CA-ILO-03,2022-06-18,235.64893617021278,8.010526315789473,28.933333333333334,18.316666666666666,5.880909090909091
CA-ILO-03,2022-06-19,231.2145833333333,6.6947368421052635,20.5,13.81304347826087,3.9996875
CA-ILO-03,2022-06-20,248.51041666666666,8.718181818181819,21.929166666666664,14.25,9.030888888888889
CA-ILO-03,2022-06-21,208.4958333333333,6.427272727272728,18.7,11.917391304347827,3.9426470588235296
CA-ILO-03,2022-06-22,249.06,7.806666666666667,24.8,14.042105263157895,3.8975
CA-ILO-03,2022-06-23,279.1847826086956,5.8149999999999995,20.495652173913044,11.74736842105263,3.795833333333333
CA-ILO-03,2022-06-24,276.77727272727276,5.921052631578948,21.0,13.13888888888889,4.0740625
CA-ILO-03,2022-06-25,292.1404255319149,7.033333333333333,28.164,18.843478260869563,4.671282051282051
CA-ILO-03,2022-06-26,265.7260869565217,5.623529411764705,16.431818181818183,11.09,4.582051282051282
CA-ILO-03,2022-06-27,254.10000000000002,6.204761904761905,18.18,11.31111111111111,3.8916000000000004
CA-ILO-03,2022-06-28,252.4717391304348,5.325,18.495833333333334,13.757894736842104,9.003499999999999
CA-ILO-03,2022-06-29,273.11875000000003,7.470000000000001,25.883333333333336,17.63181818181818,10.017954545454545
CA-ILO-03,2022-06-30,249.1,7.279999999999999,23.868000000000002,14.328571428571427,4.417142857142857
CA-ILO-03,2022-07-01,235.39777777777778,5.257894736842106,17.976,9.347826086956522,3.9115789473684215
CA-ILO-03,2022-07-02,237.38478260869567,4.631578947368421,13.981818181818182,8.989473684210527,3.9741666666666666
CA-ILO-03,2022-07-03,245.40681818181818,4.5055555555555555,17.7625,10.533333333333333,4.2509375
CA-ILO-03,2022-07-04,245.20869565217393,5.345000000000001,22.37727272727273,12.540000000000001,4.003181818181819
CA-ILO-03,2022-07-05,243.7891304347826,5.91578947368421,21.304000000000002,12.319047619047618,4.086363636363636
CA-ILO-03,2022-07-06,244.59347826086955,5.666666666666667,22.795833333333334,14.845454545454546,8.628857142857143
CA-ILO-03,2022-07-07,271.1340425531915,7.552173913043478,22.233333333333334,12.872727272727273,4.538518518518519
CA-ILO-03,2022-07-08,260.8195652173913,6.715000000000001,27.70434782608696,16.991666666666667,5.25925
CA-ILO-03,2022-07-09,264.1173913043478,5.71578947368421,27.02608695652174,15.28095238095238,4.176296296296297
CA-ILO-03,2022-07-10,277.26521739130436,5.489473684210526,20.069565217391304,13.469565217391304,6.218
CA-ILO-03,2022-07-11,249.48478260869564,4.894444444444444,17.139130434782608,10.715,4.114347826086957
CA-ILO-03,2022-07-12,210.01304347826087,8.081818181818182,21.547826086956523,12.028571428571428,4.409642857142857
CA-ILO-03,2022-07-13,221.8695652173913,6.9799999999999995,30.968000000000004,16.32,5.8555
CA-ILO-03,2022-07-14,227.3272727272727,5.614285714285714,16.599999999999998,8.10909090909091,4.265
CA-ILO-03,2022-07-15,245.5608695652174,7.557894736842105,18.304545454545455,10.54782608695652,9.903333333333332
CA-ILO-03,2022-07-16,237.20888888888888,4.822222222222222,16.032,7.895833333333333,4.476842105263158
CA-ILO-03,2022-07-17,250.6255319148936,4.49375,14.659090909090908,9.568181818181818,4.617272727272727
CA-ILO-03,2022-07-18,270.8723404255319,5.921739130434782,22.452173913043477,13.608695652173912,10.725882352941177
CA-ILO-03,2022-07-19,270.7113636363636,5.07,17.404166666666665,12.082608695652173,4.628888888888889
CA-ILO-03,2022-07-20,284.47499999999997,8.871428571428572,22.775000000000002,16.654166666666665,6.033333333333333
CA-ILO-03,2022-07-21,277.2,9.6625,18.628,13.729166666666666,4.729736842105263
CA-ILO-03,2022-07-22,270.85909090909087,8.35,14.121739130434783,9.066666666666666,4.5765625
CA-ILO-03,2022-07-23,260.50222222222226,6.847368421052631,16.82608695652174,11.095,4.701818181818182
CA-ILO-03,2022-07-24,288.8212765957447,8.763157894736842,18.740909090909092,12.559999999999999,4.737333333333334
CA-ILO-03,2022-07-25,279.31333333333333,8.665000000000001,22.934782608695652,17.020833333333332,11.779361702127659
CA-ILO-03,2022-07-26,274.3955555555555,5.8,19.20952380952381,14.245833333333335,5.964186046511627
CA-ILO-03,2022-07-27,263.95652173913044,5.684210526315789,18.295833333333334,13.713043478260868,5.6814285714285715
CA-ILO-03,2022-07-28,261.1068181818182,4.283333333333333,17.98095238095238,12.804545454545455,4.589583333333334
CA-ILO-03,2022-07-29,306.1808510638298,10.340909090909092,21.522727272727273,13.452173913043477,5.774324324324325
CA-ILO-03,2022-07-30,286.4844444444444,6.99,28.254166666666666,20.412499999999998,9.373913043478261
CA-ILO-03,2022-07-31,276.4065217391304,4.55,12.47272727272727,8.377272727272727,4.731851851851852
CA-ILO-03,2022-08-01,285.00222222222226,6.088235294117647,12.934782608695652,7.7299999999999995,4.73
CA-ILO-03,2022-08-02,246.2148936170213,5.016666666666667,16.983333333333334,9.272727272727273,4.796315789473684
CA-ILO-03,2022-08-03,259.5444444444444,4.75,21.972727272727273,12.213636363636363,4.790869565217391
CA-ILO-03,2022-08-04,257.2260869565217,4.847619047619047,13.479166666666666,9.194444444444445,4.77695652173913
CA-ILO-03,2022-08-05,256.60425531914893,8.476190476190476,20.092,13.964,6.1248571428571426
CA-ILO-03,2022-08-06,256.72222222222223,5.055,17.130434782608695,12.44090909090909,4.871818181818182
CA-ILO-03,2022-08-07,255.5511627906977,4.275,12.340909090909092,9.504545454545454,4.796666666666667
CA-ILO-03,2022-08-08,250.3063829787234,5.6,17.245454545454546,11.123809523809523,4.908846153846154
CA-ILO-03,2022-08-09,264.7565217391304,5.094736842105263,19.62608695652174,13.638095238095238,4.9126666666666665
CA-ILO-03,2022-08-10,292.88222222222225,8.681818181818182,23.48695652173913,17.599999999999998,5.1552
CA-ILO-03,2022-08-11,292.34444444444443,8.08095238095238,34.170833333333334,24.4375,15.343913043478262
CA-ILO-03,2022-08-12,285.7673913043478,6.375,21.21818181818182,13.695454545454545,7.299729729729729
CA-ILO-03,2022-08-13,298.90212765957443,4.989473684210526,17.2625,10.299999999999999,5.1466666666666665
CA-ILO-03,2022-08-14,305.27272727272725,4.36875,15.954166666666666,10.67142857142857,5.152608695652174
CA-ILO-03,2022-08-15,309.91590909090905,4.538888888888889,18.745833333333334,12.517391304347825,5.034583333333333
CA-ILO-03,2022-08-16,292.3872340425532,5.205555555555556,27.429166666666664,17.630434782608695,5.110769230769231
CA-ILO-03,2022-08-17,250.0625,5.152941176470588,18.456521739130434,11.643478260869566,5.2188888888888885
CA-ILO-03,2022-08-18,259.8421052631579,4.911111111111111,20.9,13.115,5.253181818181818
CA-ILO-03,2022-08-19,274.2568181818182,6.631818181818182,22.328000000000003,13.984210526315788,5.4396969696969695
CA-ILO-03,2022-08-20,289.3127659574468,6.047058823529412,17.8,11.904545454545454,5.28
CA-ILO-03,2022-08-21,283.47446808510637,4.8999999999999995,18.152380952380952,11.06111111111111,5.327037037037037
CA-ILO-03,2022-08-22,284.20217391304345,4.938888888888889,16.713043478260868,10.210526315789474,5.316842105263158
CA-ILO-03,2022-08-23,267.3090909090909,4.655555555555555,17.204166666666666,11.1,5.355714285714286
CA-ILO-03,2022-08-24,266.34250000000003,4.576470588235294,19.38,12.922222222222222,5.455416666666667
CA-ILO-03,2022-08-25,263.0904761904762,4.7700000000000005,21.034782608695654,13.544999999999998,5.341428571428572
CA-ILO-03,2022-08-26,283.1777777777778,7.417647058823529,17.808333333333334,12.5,5.498333333333333
CA-ILO-03,2022-08-27,298.56304347826085,4.344444444444445,19.108695652173914,12.395652173913044,5.365263157894737
CA-ILO-03,2022-08-28,314.5326086956522,4.1571428571428575,19.895238095238096,13.569999999999999,5.678709677419355
CA-ILO-03,2022-08-29,329.20444444444445,4.811764705882353,19.287499999999998,13.433333333333334,5.467931034482758
CA-ILO-03,2022-08-30,308.71521739130435,4.3578947368421055,14.97142857142857,10.863157894736842,5.429090909090909
CA-ILO-03,2022-08-31,306.254347826087,5.3100000000000005,14.266666666666667,9.708695652173914,5.900810810810811
CA-ILO-03,2022-09-01,286.63208333333336,4.533636363636363,13.411599999999998,8.481739130434784,5.586666666666667
CA-ILO-03,2022-09-02,295.8489583333333,5.091818181818182,15.9448,10.7556,5.558
CA-ILO-03,2022-09-03,309.7345833333333,4.957083333333333,17.5664,12.112916666666665,5.5555
CA-ILO-03,2022-09-04,315.78,4.229130434782609,16.854583333333334,12.294,5.551304347826087
CA-ILO-03,2022-09-05,348.0841666666667,6.771304347826088,22.18,15.199166666666665,6.663529411764706
CA-ILO-03,2022-09-06,362.17270833333333,6.166956521739131,14.703333333333333,11.1228,5.649473684210527
CA-ILO-03,2022-09-07,354.741875,5.369583333333334,14.712916666666667,9.9052,5.679583333333333
CA-ILO-03,2022-09-08,361.3717021276596,5.687083333333334,12.492799999999999,8.89875,5.6825
CA-ILO-03,2022-09-09,340.5825,6.0025,13.388,8.8856,5.81625
CA-ILO-03,2022-09-10,297.76354166666664,5.275652173913044,17.1964,12.17,5.8342857142857145
CA-ILO-03,2022-09-11,293.5077083333333,4.217272727272728,11.861739130434783,8.6624,5.735625
CA-ILO-03,2022-09-12,290.9623404255319,5.979565217391304,12.156400000000001,8.750416666666666,5.776666666666666
CA-ILO-03,2022-09-13,268.67062500000003,5.002916666666667,10.742,8.235833333333334,5.719615384615385
CA-ILO-03,2022-09-14,273.64958333333334,5.263333333333334,16.5916,10.671600000000002,5.8966666666666665
CA-ILO-03,2022-09-15,281.9087234042553,6.115416666666667,21.958000000000002,13.225999999999999,5.999666666666667
CA-ILO-03,2022-09-16,290.05395833333336,5.02,19.316399999999998,11.855599999999999,6.016
CA-ILO-03,2022-09-17,294.23625,5.273181818181818,18.512727272727275,12.3324,6.2748484848484845
CA-ILO-03,2022-09-18,298.0258333333333,4.01608695652174,15.198,10.8232,5.977391304347826
CA-ILO-03,2022-09-19,310.42541666666665,6.2075,17.5428,12.2928,6.589473684210526
CA-ILO-03,2022-09-20,296.72083333333336,5.114090909090909,7.5724,6.486666666666667,6.041428571428572
CA-ILO-03,2022-09-21,298.0275,5.2318181818181815,8.3524,6.459199999999999,6.109473684210526
CA-ILO-03,2022-09-22,331.59979166666665,8.273478260869565,19.8756,13.2324,7.309729729729729
CA-ILO-03,2022-09-23,341.9422916666667,7.918636363636364,14.2076,9.708,9.35
CA-ILO-03,2022-09-24,329.1030434782609,5.117727272727273,10.0028,7.4364,6.261052631578947
CA-ILO-03,2022-09-25,328.2128571428571,4.2128571428571435,12.769047619047617,9.598571428571429,6.273076923076923
CA-ILO-03,2022-09-26,258.5888888888889,5.0200000000000005,18.277916666666666,11.868,6.09
CA-ILO-03,2022-09-27,220.78208333333336,5.072916666666667,18.08875,10.6524,6.080740740740741
CA-ILO-03,2022-09-28,274.7368085106383,4.727826086956521,15.2125,9.597999999999999,6.271428571428571
CA-ILO-03,2022-09-29,297.8489583333333,4.458636363636364,11.368,6.9664,6.122142857142856
CA-ILO-03,2022-09-30,323.06916666666666,5.224166666666666,16.872916666666665,10.440833333333334,6.172173913043479
CA-ILO-03,2022-10-01,308.0395744680851,5.336666666666667,17.969583333333333,12.47,6.154444444444445
CA-ILO-03,2022-10-02,317.800625,4.110434782608695,21.003600000000002,14.7336,6.197894736842105
CA-ILO-03,2022-10-03,318.11170212765956,4.64625,17.5872,11.529166666666667,6.290416666666666
CA-ILO-03,2022-10-04,283.78562500000004,5.564347826086957,19.446521739130436,11.6084,6.325714285714286
CA-ILO-03,2022-10-05,279.5734042553192,5.252608695652174,18.328,10.705416666666666,6.35
CA-ILO-03,2022-10-06,267.94374999999997,4.99,19.096,10.2776,6.323333333333333
CA-ILO-03,2022-10-07,283.8308333333333,7.615833333333334,35.0316,22.727600000000002,13.207380952380953
CA-ILO-03,2022-10-08,260.99,5.397272727272727,25.8064,15.6788,6.782432432432432
CA-ILO-03,2022-10-09,254.91604166666664,4.73695652173913,19.854,11.4648,6.394347826086956
CA-ILO-03,2022-10-10,261.66249999999997,4.404999999999999,19.062916666666666,10.789166666666667,6.478400000000001
CA-ILO-03,2022-10-11,255.28937499999998,3.711904761904762,14.291666666666666,8.826,6.362777777777778
CA-ILO-03,2022-10-12,248.35468085106382,4.365,14.8148,9.4136,6.4482608695652175
CA-ILO-03,2022-10-13,236.92708333333334,4.703809523809523,17.1984,9.9728,6.523076923076923
CA-ILO-03,2022-10-14,252.2768085106383,6.975652173913043,18.0156,9.0684,6.541538461538461
CA-ILO-03,2022-10-15,268.54617021276596,6.432916666666667,21.0764,12.079600000000001,6.446111111111112
CA-ILO-03,2022-10-16,251.7912765957447,3.635,13.564,9.264166666666666,6.548571428571429
CA-ILO-03,2022-10-17,246.16604166666664,4.515833333333333,13.635416666666666,8.858260869565218,6.619999999999999
CA-ILO-03,2022-10-18,240.80229166666666,4.1866666666666665,12.669166666666667,7.8776,6.523333333333333
CA-ILO-03,2022-10-19,242.07291666666666,4.03,13.7748,8.5992,6.42
CA-ILO-03,2022-10-20,240.45000000000002,4.4482608695652175,11.628333333333332,6.58875,6.620416666666666
CA-ILO-03,2022-10-21,246.54166666666666,4.695909090909091,14.090833333333334,8.025416666666667,6.751428571428572
CA-ILO-03,2022-10-22,250.39874999999998,4.7124999999999995,17.19,9.7816,6.758095238095238
CA-ILO-03,2022-10-23,255.79375000000002,3.7754545454545454,13.1072,9.066521739130435,7.159999999999999
CA-ILO-03,2022-10-24,258.12916666666666,4.503478260869565,14.499600000000001,9.0948,6.787222222222223
CA-ILO-03,2022-10-25,254.10083333333333,4.232608695652174,14.359200000000001,8.6624,6.775
CA-ILO-03,2022-10-26,261.8987234042553,4.7043478260869565,15.226399999999998,8.058,6.8405555555555555
CA-ILO-03,2022-10-27,271.91125,4.675909090909091,13.380416666666667,7.36,6.854347826086957
CA-ILO-03,2022-10-28,280.09250000000003,4.735416666666667,15.871200000000002,8.8232,11.37741935483871
CA-ILO-03,2022-10-29,290.38510638297873,4.319545454545454,12.521666666666667,7.0176,6.8525
CA-ILO-03,2022-10-30,292.77208333333334,4.158571428571428,14.7104,8.7188,7.1975
CA-ILO-03,2022-10-31,287.3152083333334,4.889565217391305,16.974,10.2524,14.217692307692309
CA-ILO-03,2022-11-01,215.35702127659576,3.5321052631578946,14.4144,9.332799999999999,6.96090909090909
CA-ILO-03,2022-11-02,230.85895833333333,4.04875,20.110799999999998,12.9368,7.7325
CA-ILO-03,2022-11-03,241.29958333333332,4.401739130434782,17.1448,10.0972,7.12
CA-ILO-03,2022-11-04,240.399375,4.2727272727272725,13.82125,8.367727272727272,7.078076923076923
CA-ILO-03,2022-11-05,227.20978723404258,4.095217391304348,13.9368,8.645833333333334,7.120416666666666
CA-ILO-03,2022-11-06,237.4070833333333,3.74,13.578399999999998,8.91,7.139411764705883
CA-ILO-03,2022-11-07,232.96708333333333,4.310869565217391,14.9804,9.1056,7.079583333333333
CA-ILO-03,2022-11-08,237.67437500000003,5.277826086956522,17.0276,10.6788,16.15
CA-ILO-03,2022-11-09,248.69416666666666,5.777142857142858,19.235599999999998,11.785652173913043,9.133414634146343
CA-ILO-03,2022-11-10,273.390625,6.153333333333333,17.0924,10.5144,16.421136363636364
CA-ILO-03,2022-11-11,273.935625,4.424166666666667,15.3468,9.302,8.30452380952381
CA-ILO-03,2022-11-12,277.245625,4.581739130434783,14.946,9.737083333333333,8.195121951219512
CA-ILO-03,2022-11-13,286.92833333333334,4.492173913043478,13.2956,9.187999999999999,9.14525
CA-ILO-03,2022-11-14,283.2477083333333,6.663478260869565,14.6708,8.303333333333333,9.75
CA-ILO-03,2022-11-15,247.725,5.749090909090909,12.137916666666667,6.983199999999999,12.284761904761906
CA-ILO-03,2022-11-16,247.50021276595746,5.173809523809524,12.4944,6.4848,8.824772727272729
CA-ILO-03,2022-11-17,245.944375,4.763181818181819,13.1668,7.462000000000001,8.339268292682927
CA-ILO-03,2022-11-18,244.86687500000002,5.61,15.594000000000001,7.9244,8.53906976744186
CA-ILO-03,2022-11-19,301.6222916666667,9.399565217391304,21.033333333333335,11.6472,18.45326530612245
CA-ILO-03,2022-11-20,294.6829166666667,5.648695652173912,15.714400000000001,8.946,13.310681818181818
CA-ILO-03,2022-11-21,276.24978723404257,6.46409090909091,18.7124,10.0064,11.741190476190477
CA-ILO-03,2022-11-22,286.45851063829787,6.6905,28.275199999999998,17.7768,11.68475
CA-ILO-03,2022-11-23,298.544375,7.355652173913044,18.811249999999998,12.194347826086958,10.931190476190476
CA-ILO-03,2022-11-24,293.6665217391304,5.55125,18.598799999999997,10.8392,11.494545454545454
CA-ILO-03,2022-11-25,278.4587234042553,4.87625,15.3924,10.6732,7.6979310344827585
CA-ILO-03,2022-11-26,295.043125,5.903333333333333,18.593600000000002,12.46625,28.175
CA-ILO-03,2022-11-27,279.4017021276596,4.302272727272728,13.549166666666666,8.272,8.27081081081081
CA-ILO-03,2022-11-28,309.84479166666665,6.43304347826087,11.76625,8.1588,9.645000000000001
CA-ILO-03,2022-11-29,292.40166666666664,6.804615384615385,9.91,6.984285714285715,7.907777777777778
CA-ILO-03,2022-11-30,307.7528571428572,5.354615384615385,12.391200000000001,7.644400000000001,8.303809523809523
CA-ILO-03,2022-12-01,261.708125,5.288095238095238,13.991200000000001,7.929600000000001,8.32
CA-ILO-03,2022-12-02,277.0252083333333,5.1499999999999995,13.722916666666668,7.9375,8.401176470588235
CA-ILO-03,2022-12-03,331.345625,6.364782608695653,16.328,9.7656,8.93
CA-ILO-03,2022-12-04,326.54583333333335,4.259090909090909,13.828800000000001,8.934,8.203714285714286
CA-ILO-03,2022-12-05,316.13916666666665,4.659523809523809,17.5136,11.0772,8.188387096774195
CA-ILO-03,2022-12-06,278.2083333333333,5.034583333333333,17.3676,10.654166666666667,8.468055555555557
CA-ILO-03,2022-12-07,292.80625,5.618636363636363,16.4272,10.6928,8.641794871794872
CA-ILO-03,2022-12-08,328.67583333333334,6.703043478260869,20.5788,13.670399999999999,10.364878048780488
CA-ILO-03,2022-12-09,327.93583333333333,7.372083333333333,22.2025,11.9408,10.783333333333333
CA-ILO-03,2022-12-10,334.7164583333333,9.008750000000001,23.2092,11.2448,17.898863636363636
CA-ILO-03,2022-12-11,327.84787234042557,7.127391304347826,20.0024,10.7772,28.76711111111111
CA-ILO-03,2022-12-12,343.63340425531914,6.772083333333334,17.413333333333334,10.417200000000001,9.646388888888888
CA-ILO-03,2022-12-13,343.55395833333336,5.519130434782609,18.1175,12.356,12.435263157894738
CA-ILO-03,2022-12-14,334.3963829787234,5.746666666666666,17.5652,11.5328,15.9425
CA-ILO-03,2022-12-15,325.1772916666667,5.2504347826086954,16.5076,11.2632,11.51388888888889
CA-ILO-03,2022-12-16,334.74659574468086,6.62125,18.9544,11.48,10.179444444444444
CA-ILO-03,2022-12-17,293.48125,4.096190476190476,15.397083333333333,9.2328,8.432222222222222
CA-ILO-03,2022-12-18,304.74791666666664,4.686190476190476,16.8012,10.2644,21.21871794871795
CA-ILO-03,2022-12-19,316.234375,4.585652173913044,15.99,9.777826086956521,9.585526315789474
CA-ILO-03,2022-12-20,330.7758333333333,4.547272727272727,22.859583333333333,12.996250000000002,8.55
CA-ILO-03,2022-12-21,331.93978723404257,4.770476190476191,19.520833333333332,11.8792,8.6
CA-ILO-03,2022-12-22,335.23833333333334,5.056521739130434,19.426399999999997,11.2556,9.055185185185186
CA-ILO-03,2022-12-23,326.80375,4.820416666666667,17.886400000000002,11.310416666666667,8.595833333333333
CA-ILO-03,2022-12-24,325.75708333333336,4.728181818181818,16.4788,9.4436,15.524705882352942
CA-ILO-03,2022-12-25,329.70437499999997,4.547272727272728,18.6408,10.825999999999999,10.431315789473684
CA-ILO-03,2022-12-26,338.5842553191489,6.2985,21.9008,11.599200000000002,30.09918918918919
CA-ILO-03,2022-12-27,324.4242857142857,4.069047619047619,21.2012,10.400799999999998,8.77142857142857
CA-ILO-03,2022-12-28,331.5529166666667,4.096500000000001,15.446363636363635,9.093181818181819,8.787916666666666
CA-ILO-03,2022-12-29,350.39729166666666,4.86695652173913,21.8772,12.774000000000001,8.968
CA-ILO-03,2022-12-30,334.4633333333333,4.316818181818181,18.9644,11.946666666666667,8.91
CA-ILO-03,2022-12-31,322.3808333333333,5.02625,19.415416666666665,11.4076,9.015217391304347
CA-ILO-03,2024-01-01,355.31166666666667,4.260454545454546,18.514400000000002,13.2036,14.145714285714286
CA-ILO-03,2024-01-02,340.2516216216216,3.6736363636363634,15.241200000000001,10.433599999999998,13.88939393939394
CA-ILO-03,2024-01-03,323.01145833333334,4.654999999999999,14.340399999999999,9.308,16.341428571428573
CA-ILO-03,2024-01-04,316.60833333333335,3.902857142857143,15.54625,9.508750000000001,14.45897435897436
CA-ILO-03,2024-01-05,325.425625,4.303478260869565,17.0476,9.9124,17.12972222222222
CA-ILO-03,2024-01-06,336.42062500000003,3.5963636363636367,14.231666666666667,8.992173913043478,15.026875
CA-ILO-03,2024-01-07,337.1041666666667,3.0565,13.7076,9.3125,14.485263157894739
CA-ILO-03,2024-01-08,353.0158333333333,3.7095454545454545,10.742608695652175,7.6936,14.580869565217393
CA-ILO-03,2024-01-09,357.88195652173914,4.4882608695652175,14.1656,8.629583333333334,24.157249999999998
CA-ILO-03,2024-01-10,335.3836956521739,3.7695238095238093,12.653599999999999,7.743333333333333,14.7
CA-ILO-03,2024-01-11,312.98770833333333,4.882727272727273,17.5716,10.487083333333333,25.58823529411765
CA-ILO-03,2024-01-12,325.77416666666664,4.796363636363636,20.226399999999998,12.706,15.480277777777777
CA-ILO-03,2024-01-13,330.28893617021276,4.597727272727273,18.9952,12.555416666666666,17.73
CA-ILO-03,2024-01-14,329.950625,3.5776190476190473,17.3296,12.03125,19.816
CA-ILO-03,2024-01-15,337.3712765957447,4.051363636363636,19.311600000000002,12.636666666666668,15.62794117647059
CA-ILO-03,2024-01-16,348.40770833333335,4.66375,18.025199999999998,11.5448,14.863684210526317
CA-ILO-03,2024-01-17,349.3285416666667,5.5517391304347825,21.9848,12.74,16.624634146341464
CA-ILO-03,2024-01-18,360.4170833333333,5.4573913043478255,23.957199999999997,14.966,20.6165
CA-ILO-03,2024-01-19,362.60604166666667,4.532608695652174,21.4744,13.664000000000001,20.008484848484848
CA-ILO-03,2024-01-20,362.7652083333333,5.1725,22.465999999999998,12.164000000000001,19.8875
CA-ILO-03,2024-01-21,367.9377083333333,4.1380952380952385,15.6524,9.768333333333333,16.34263157894737
CA-ILO-03,2024-01-22,372.44666666666666,3.6359090909090908,10.798,7.4725,14.92457142857143
CA-ILO-03,2024-01-23,380.9925,3.6560869565217393,12.68625,10.7225,15.2848
CA-ILO-03,2024-03-11,320.93347826086955,3.9259090909090912,18.48428571428571,12.031428571428572,18.058214285714286
CA-ILO-03,2024-03-12,328.82085106382976,4.164545454545455,26.6772,15.3304,19.29758620689655
CA-ILO-03,2024-03-13,329.8170212765957,4.329999999999999,19.33913043478261,10.876,25.669142857142855
CA-ILO-03,2024-03-14,349.8475,6.508333333333333,25.1104,11.806400000000002,20.7
CA-ILO-03,2024-03-15,353.2489361702128,7.0495833333333335,24.072,13.2176,30.69177777777778
CA-ILO-03,2024-03-16,373.1539583333333,6.416086956521739,31.676399999999997,18.148,24.482093023255814
CA-ILO-03,2024-03-17,363.86999999999995,5.319047619047619,25.3188,15.9132,21.770975609756096
CA-ILO-03,2024-03-18,381.23499999999996,6.406521739130435,37.1864,18.4884,27.108863636363637
CA-ILO-03,2024-03-19,376.42687500000005,6.232500000000001,28.357916666666668,15.20375,32.73914893617021
CA-ILO-03,2024-03-20,350.59744680851065,4.265217391304348,20.8056,11.6996,19.684324324324326
CA-ILO-03,2024-03-21,323.14531914893615,4.8295,18.2884,10.9432,18.746000000000002
CA-ILO-03,2024-03-22,327.68375,4.629047619047619,14.6776,9.244,18.280263157894737
CA-ILO-03,2024-03-23,347.4822916666667,5.073181818181818,14.0752,8.563333333333334,19.3325
CA-ILO-03,2024-03-24,358.1514583333333,5.566666666666666,21.708000000000002,10.754000000000001,18.84179487179487
CA-ILO-03,2024-03-25,359.2264583333333,6.920434782608696,27.0108,11.774000000000001,18.807027027027026
CA-ILO-03,2024-03-26,346.94125,6.465,18.0236,6.520833333333333,18.53076923076923
CA-ILO-03,2024-03-27,338.27936170212763,6.0435,15.7632,7.0668,23.881351351351352
CA-ILO-03,2024-03-28,347.62833333333333,4.396818181818182,13.8676,8.860800000000001,7.8125
CA-ILO-03,2024-03-29,337.7991666666667,3.5221739130434786,10.0052,7.179583333333333,7.949354838709677
CA-ILO-03,2024-03-30,347.37583333333333,4.109565217391304,15.962,10.335909090909091,7.9482608695652175
CA-ILO-03,2024-03-31,352.72499999999997,4.750416666666667,18.017916666666668,10.290833333333333,8.185483870967742
CA-ILO-03,2024-04-01,348.8863829787234,5.982499999999999,19.311600000000002,10.183333333333334,8.41121212121212
CA-ILO-03,2024-04-02,347.95979166666666,6.112916666666667,22.9448,11.235999999999999,8.461935483870967
CA-ILO-03,2024-04-03,348.5551724137931,5.746666666666667,19.540399999999998,9.81,9.053793103448276
CA-ILO-03,2024-04-04,341.2276595744681,6.234782608695652,21.6728,9.962,9.683783783783785
CA-ILO-03,2024-04-05,344.7204255319149,5.797916666666667,18.9964,10.664000000000001,11.339268292682927
CA-ILO-03,2024-04-06,358.06583333333333,5.867826086956522,24.114,14.921199999999999,10.786111111111111
CA-ILO-03,2024-04-07,355.3097916666666,5.182916666666666,25.930799999999998,17.143333333333334,10.468157894736843
CA-ILO-03,2024-04-08,382.810625,8.464166666666666,27.7368,15.995999999999999,17.563095238095237
CA-ILO-03,2024-04-09,365.275625,6.055217391304348,24.8252,15.7552,16.12825
CA-ILO-03,2024-04-10,392.548125,8.328260869565218,31.0788,19.1804,31.688222222222223
CA-ILO-03,2024-04-11,341.2867391304348,5.948571428571428,23.676956521739132,14.94217391304348,16.105526315789472
CA-ILO-03,2024-04-12,317.9275,5.897826086956522,20.761999999999997,12.438333333333333,10.632285714285715
CA-ILO-03,2024-04-13,330.4485416666667,6.322083333333333,22.5175,14.0576,11.815853658536586
CA-ILO-03,2024-04-14,336.47541666666666,6.367083333333333,22.343600000000002,12.6164,29.320487804878052
CA-ILO-03,2024-04-15,320.4741666666667,4.891739130434783,40.492399999999996,17.9788,9.324705882352943
CA-ILO-03,2024-04-16,307.94617021276594,4.326521739130435,13.0172,7.716800000000001,9.060357142857143
CA-ILO-03,2024-04-17,342.16129032258067,6.386666666666667,18.2612,10.9616,9.748787878787878
CA-ILO-03,2024-04-18,296.819375,4.963333333333334,24.323600000000003,13.905833333333334,9.405833333333334
CA-ILO-03,2024-04-19,314.92375,6.795833333333333,29.5092,15.568,9.876111111111111
CA-ILO-03,2024-04-20,320.823125,7.096666666666667,25.7052,14.0616,18.088043478260868
CA-ILO-03,2024-04-21,326.91875,4.757727272727273,20.6828,12.433043478260869,9.731176470588236
CA-ILO-03,2024-04-22,351.57234042553193,6.272083333333334,26.792083333333334,14.4076,13.251428571428571
CA-ILO-03,2024-04-23,358.9514583333333,6.9739130434782615,28.619600000000002,15.284583333333332,24.494146341463413
CA-ILO-03,2024-04-24,365.22208333333333,7.648636363636364,19.6008,12.564583333333333,14.167560975609756
CA-ILO-03,2024-04-25,352.204375,5.282173913043478,18.46875,11.082916666666668,10.01275
CA-ILO-03,2024-04-26,368.74375000000003,8.957083333333333,19.9124,9.918,10.18525
CA-ILO-03,2024-04-27,366.62166666666667,6.656086956521739,19.023600000000002,10.513478260869565,10.253870967741936
CA-ILO-03,2024-04-28,375.82958333333335,7.139565217391305,20.2848,12.29,10.653684210526315
CA-ILO-03,2024-04-29,362.10148936170214,5.3591304347826085,22.7048,13.2804,9.934074074074076
CA-ILO-03,2024-04-30,379.60791666666665,6.60125,22.058400000000002,12.8572,11.5740625
CA-ILO-03,2024-05-01,397.2468085106383,6.869130434782609,24.2052,15.8648,31.15818181818182
CA-ILO-03,2024-05-02,353.3981578947368,5.174166666666667,23.167600000000004,16.188,9.868181818181817
CA-ILO-03,2024-05-03,306.1404166666667,4.7956521739130435,18.6192,13.579600000000001,9.863333333333333
CA-ILO-03,2024-05-04,317.299375,6.054347826086956,15.4832,11.2388,15.709677419354838
CA-ILO-03,2024-05-05,306.56125000000003,4.804583333333333,16.361666666666668,10.9748,10.195714285714287
CA-ILO-03,2024-05-06,320.6189583333333,5.169090909090909,10.5692,7.188,10.341515151515152
CA-ILO-03,2024-05-07,315.44,4.592272727272728,11.5848,7.44,10.528333333333332
CA-ILO-03,2024-05-08,302.71208333333334,5.074545454545454,13.064,8.4888,10.431470588235294
CA-ILO-03,2024-05-09,339.738125,7.9629166666666675,26.0896,17.2852,11.745806451612903
CA-ILO-03,2024-05-10,308.84324324324325,5.354583333333333,14.5456,8.6532,10.411
CA-ILO-03,2024-05-11,282.73041666666666,5.507826086956522,14.5128,10.6952,10.659393939393938
CA-ILO-03,2024-05-12,278.2304255319149,4.2295454545454545,13.456,9.8364,10.7844
CA-ILO-03,2024-05-13,263.54791666666665,4.869090909090909,16.67,10.34625,10.521875
CA-ILO-03,2024-05-21,301.21,6.547272727272727,19.2868,11.8696,11.227777777777776
CA-ILO-03,2024-05-22,311.09541666666667,6.060833333333334,30.227600000000002,19.1248,11.454871794871796
CA-ILO-03,2024-05-23,296.05854166666666,4.747916666666667,15.87,9.301304347826088,10.94
CA-ILO-03,2024-05-24,310.42340425531916,6.442727272727273,20.932799999999997,13.33,12.111081081081082
CA-ILO-03,2024-05-25,318.93104166666666,6.421304347826087,20.345000000000002,14.22625,13.166
CA-ILO-03,2024-05-26,299.9629166666667,4.32695652173913,17.54,11.538800000000002,11.33548387096774
CA-ILO-03,2024-05-27,303.47297872340425,4.629166666666666,19.323333333333334,11.169565217391304,11.690357142857142
CA-ILO-03,2024-05-28,310.29520833333333,4.663043478260869,20.449166666666667,13.075999999999999,11.62657142857143
CA-ILO-03,2024-05-29,285.3689189189189,5.353181818181818,22.400833333333335,14.547916666666666,11.523913043478261
CA-ILO-03,2024-05-30,270.1766666666667,6.181304347826086,25.581599999999998,14.831600000000002,12.882564102564103
CA-ILO-03,2024-05-31,280.5348936170213,5.36,22.015652173913043,14.622083333333334,12.2876
CA-ILO-03,2024-06-01,291.6097916666667,5.712727272727273,24.8384,16.34,12.530555555555557
CA-ILO-03,2024-06-02,284.28357142857146,4.6579999999999995,26.595,20.10833333333333,11.945
CA-ILO-03,2024-06-05,347.25476190476195,12.477826086956522,33.20391304347826,22.1,11.986400000000001
CA-ILO-03,2024-06-06,316.4725,7.4575,33.623200000000004,23.0,18.676315789473687
CA-ILO-03,2024-06-07,322.3085106382979,6.849565217391304,32.8084,22.011999999999997,20.008297872340425
CA-ILO-03,2024-06-08,374.93208333333337,9.06409090909091,37.454166666666666,25.682916666666667,12.660540540540541
CA-ILO-03,2024-06-09,391.78833333333336,9.599166666666667,35.6824,26.1648,20.008666666666667
CA-ILO-03,2024-06-10,338.6905128205128,7.708695652173914,21.347199999999997,14.132,14.503255813953489
CA-ILO-03,2024-06-11,304.4089583333333,5.84625,18.1048,12.2024,12.4746875
CA-ILO-03,2024-06-12,325.58958333333334,8.276818181818182,26.4708,17.49833333333333,12.452222222222222
CA-ILO-03,2024-06-13,339.0058333333333,8.490833333333333,29.794583333333335,19.78,12.472000000000001
CA-ILO-03,2024-06-14,305.0239583333333,5.256818181818182,22.3944,15.382083333333334,12.554545454545455
CA-ILO-03,2024-06-15,304.96875,5.167619047619048,24.133200000000002,15.9016,12.478695652173913
CA-ILO-03,2024-06-16,300.385625,4.1119047619047615,15.794400000000001,10.925999999999998,12.454166666666666
CA-ILO-03,2024-06-17,302.31804347826085,5.692727272727273,7.8848,6.4916,12.565
CA-ILO-03,2024-06-18,266.57787234042553,5.4316666666666675,12.3684,8.8804,12.646
CA-ILO-03,2024-06-19,263.948125,6.1463636363636365,11.1316,7.902083333333334,12.61095238095238
CA-ILO-03,2024-06-20,287.93145833333335,6.211739130434783,17.0976,12.235416666666666,12.72809523809524
CA-ILO-03,2024-06-21,306.88770833333336,6.646666666666666,20.912399999999998,15.538,13.447878787878787
CA-ILO-03,2024-06-22,305.8225,4.913333333333333,19.706400000000002,14.446,12.978181818181817
CA-ILO-03,2024-06-23,312.848125,4.741428571428571,17.72434782608696,13.394,12.82695652173913
CA-ILO-03,2024-06-24,300.97434782608696,6.651304347826087,9.9564,7.2348,12.745217391304347
CA-ILO-03,2024-06-25,282.28020833333335,5.36375,13.2392,9.67086956521739,12.794
CA-ILO-03,2024-06-26,303.42270833333333,8.75625,20.5884,14.0264,14.844146341463414
CA-ILO-03,2024-06-27,326.861875,10.284583333333332,18.1144,12.2356,13.497179487179487
CA-ILO-03,2024-06-28,306.90680851063826,6.36695652173913,15.798800000000002,10.757083333333334,12.898260869565219
CA-ILO-03,2024-06-29,296.886875,5.584347826086956,17.3832,12.5968,13.080909090909092
CA-ILO-03,2024-06-30,303.7129166666667,5.558999999999999,21.094,15.5744,14.65138888888889
CA-ILO-03,2024-07-01,297.8012765957447,5.17125,26.406799999999997,18.430416666666666,13.287692307692309
CA-ILO-03,2024-07-02,307.9691666666667,7.465454545454546,36.0028,23.661199999999997,18.0425
CA-ILO-03,2024-07-03,313.2102777777778,8.410625,33.97272727272727,25.716363636363635,19.930909090909093
CA-ILO-03,2024-07-04,285.96,7.508461538461538,36.07608695652174,24.660869565217393,15.566666666666666
CA-ILO-03,2024-07-05,355.80791666666664,11.614583333333334,33.903600000000004,23.8156,13.501515151515152
CA-ILO-03,2024-07-06,318.865,5.007619047619047,21.0084,15.502,13.387307692307692
CA-ILO-03,2024-07-07,329.2966666666667,4.213636363636364,17.843600000000002,13.3468,13.38090909090909
CA-ILO-03,2024-07-08,332.3804166666667,4.788333333333333,19.29826086956522,12.9768,13.538800000000002
CA-ILO-03,2024-07-09,316.07617021276593,5.579565217391304,20.601999999999997,13.6568,13.952368421052633
CA-ILO-03,2024-07-10,291.17020833333333,5.409130434782608,15.198333333333332,11.0124,14.256774193548386
CA-ILO-03,2024-07-11,270.6041666666667,5.661818181818182,15.010833333333332,9.953750000000001,14.10625
CA-ILO-03,2024-07-12,280.50638297872337,5.938260869565218,19.9684,13.363600000000002,13.850999999999999
CA-ILO-03,2024-07-13,288.39854166666663,5.449583333333333,19.9252,14.1832,13.847407407407408
CA-ILO-03,2024-07-14,287.25340425531914,4.388636363636364,19.278399999999998,14.578800000000001,13.7976
CA-ILO-03,2024-07-15,293.6693617021277,5.07,21.3175,15.196666666666667,13.758076923076922
CA-ILO-03,2024-07-16,291.40723404255317,5.083181818181818,25.2056,16.1428,13.852272727272727
CA-ILO-03,2024-07-17,331.95187500000003,11.189166666666667,36.505833333333335,24.4232,15.281578947368422
CA-ILO-03,2024-07-18,317.596875,7.2286363636363635,39.992399999999996,27.233600000000003,14.681904761904761
CA-ILO-03,2024-07-19,359.534375,9.920434782608694,26.320833333333336,18.556250000000002,14.093333333333332
CA-ILO-03,2024-07-20,367.36854166666666,8.882083333333332,23.4325,15.9032,14.286666666666665
CA-ILO-03,2024-07-21,336.6404255319149,5.87695652173913,22.7244,14.7628,14.6415625
CA-ILO-03,2024-07-22,342.3185416666667,5.863913043478261,17.5396,12.078800000000001,14.844871794871796
CA-ILO-03,2024-07-23,355.0840425531915,5.227083333333334,20.4956,14.4584,14.753548387096775
CA-ILO-03,2024-07-24,318.36369565217393,4.798571428571428,18.3888,13.432,14.307391304347826
CA-ILO-03,2024-07-25,272.7986666666667,4.5280000000000005,17.368333333333336,11.941199999999998,12.6052
CA-ILO-03,2024-07-26,284.9051063829787,4.634782608695652,16.72375,11.130799999999999,10.218
CA-ILO-03,2024-07-27,314.4678260869565,6.752727272727273,22.963333333333335,14.4604,9.998148148148148
CA-ILO-03,2024-07-28,331.16249999999997,6.908333333333334,19.4396,13.86,10.121785714285716
CA-ILO-03,2024-07-29,339.28229166666665,7.46,28.7328,20.408,12.241111111111111
CA-ILO-03,2024-07-30,350.0572916666667,6.71625,36.42333333333333,26.445999999999998,12.272272727272728
CA-ILO-03,2024-07-31,379.7475,7.802499999999999,34.722,25.3325,11.265945945945946
CA-ILO-03,2024-08-01,337.7673913043478,6.604090909090909,27.39782608695652,20.76782608695652,10.652424242424242
CA-ILO-03,2024-08-02,323.5527659574468,7.759583333333334,24.529600000000002,19.276,11.093571428571428
CA-ILO-03,2024-08-03,308.21729166666665,4.6414285714285715,17.3156,11.752173913043478,10.213103448275863
CA-ILO-03,2024-08-04,312.18145833333335,4.058260869565218,16.7068,11.9384,10.135
CA-ILO-03,2024-08-05,319.62916666666666,4.737272727272727,16.3025,11.582500000000001,10.1608
CA-ILO-03,2024-08-06,313.7285416666667,4.168181818181818,5.9155999999999995,4.99625,10.212258064516128
CA-ILO-03,2024-08-07,309.3464583333333,4.261304347826087,9.5784,7.4425,10.41060606060606
CA-ILO-03,2024-08-08,302.73893617021275,5.1937500000000005,15.9696,10.520416666666668,10.663055555555555
CA-ILO-03,2024-08-09,316.114375,5.01625,16.8024,11.016666666666666,10.749354838709678
CA-ILO-03,2024-08-10,319.1857142857143,4.185,19.9375,14.42625,10.693000000000001
CA-ILO-03,2024-08-12,294.1004347826087,7.452173913043478,17.667777777777776,12.722222222222221,9.212857142857143
CA-ILO-03,2024-09-13,325.52375,5.0645454545454545,14.1575,10.95,9.93
CA-ILO-03,2024-09-14,314.6223404255319,4.4471428571428575,13.886,9.757083333333334,6.658055555555555
CA-ILO-03,2024-09-15,300.88166666666666,3.9704545454545452,15.4876,11.458,6.14551724137931
CA-ILO-03,2024-09-16,333.054375,8.543636363636363,18.5272,12.8096,6.335806451612903
CA-ILO-03,2024-09-17,326.6120833333333,5.578260869565218,19.08125,13.5,6.466774193548387
CA-ILO-03,2024-09-18,337.8070833333333,6.0375000000000005,20.0896,13.0852,6.422682926829268
CA-ILO-03,2024-09-19,334.616875,4.483478260869566,11.710799999999999,9.186399999999999,6.124666666666667
CA-ILO-03,2024-09-20,352.43340425531915,6.97125,20.1476,13.081600000000002,6.491176470588235
CA-ILO-03,2024-09-21,327.7027083333333,6.5275,24.21,16.741600000000002,8.949777777777777
CA-ILO-03,2024-09-22,324.20145833333333,3.8360869565217395,16.1428,11.894400000000001,6.121363636363636
CA-ILO-03,2024-09-23,361.2004166666666,7.119130434782609,20.8884,14.386800000000001,7.768717948717949
CA-ILO-03,2024-09-24,325.12925,4.572857142857143,13.787083333333333,9.395,6.137666666666666
CA-ILO-03,2024-09-25,313.491875,5.444782608695652,14.4652,10.529583333333333,6.1979310344827585
CA-ILO-03,2024-09-26,305.461914893617,5.1468421052631586,14.6996,9.953333333333333,7.187105263157895
CA-ILO-03,2024-09-27,324.033829787234,6.179090909090909,13.682,8.52625,6.689736842105264
CA-ILO-03,2024-09-28,338.4827659574468,6.186818181818182,18.2832,11.6776,6.68813953488372
CA-ILO-03,2024-09-29,349.29833333333335,4.309565217391304,14.3048,10.395416666666668,6.195294117647059
CA-ILO-03,2024-09-30,369.4571111111111,5.101666666666667,12.638800000000002,10.5956,6.483846153846154
CA-ILO-03,2024-10-01,329.6040425531915,4.634782608695652,12.108260869565218,9.9552,6.8245000000000005
CA-ILO-03,2024-10-02,326.75791666666663,4.99952380952381,15.382,11.445217391304348,7.547499999999999
